TSPAN6	ENSG00000000003
SCYL3	ENSG00000000457
FUCA2	ENSG00000001036
BAD	ENSG00000002330
LAP3	ENSG00000002549
SNX11	ENSG00000002919
CASP10	ENSG00000003400
CFLAR	ENSG00000003402
FKBP4	ENSG00000004478
RBM6	ENSG00000004534
SLC25A13	ENSG00000004864
ST7	ENSG00000004866
UPF1	ENSG00000005007
CIAPIN1	ENSG00000005194
WDR54	ENSG00000005448
MYCBP2	ENSG00000005810
ITGAL	ENSG00000005844
TAC1	ENSG00000006128
RALA	ENSG00000006451
ETV1	ENSG00000006468
TBXA2R	ENSG00000006638
PAF1	ENSG00000006712
ELAC2	ENSG00000006744
ARSD	ENSG00000006756
MYH13	ENSG00000006788
PAFAH1B1	ENSG00000007168
KIAA0100	ENSG00000007202
TRAPPC6A	ENSG00000007255
E2F2	ENSG00000007968
PSMB1	ENSG00000008018
SYPL1	ENSG00000008282
CYB561	ENSG00000008283
RHOBTB2	ENSG00000008853
UBE3C	ENSG00000009335
TENM1	ENSG00000009694
NCAPD2	ENSG00000010292
SEMA3G	ENSG00000010319
NISCH	ENSG00000010322
BTK	ENSG00000010671
FYN	ENSG00000010810
FMO1	ENSG00000010932
MKS1	ENSG00000011143
AKAP8L	ENSG00000011243
SYT7	ENSG00000011347
BRCA1	ENSG00000012048
LTF	ENSG00000012223
UBR7	ENSG00000012963
MAP4K5	ENSG00000012983
MVP	ENSG00000013364
HEBP1	ENSG00000013583
MAMLD1	ENSG00000013619
CD6	ENSG00000013725
CAPN1	ENSG00000014216
BID	ENSG00000015475
NUDCD3	ENSG00000015676
ATP2C1	ENSG00000017260
MNAT1	ENSG00000020426
SLC7A9	ENSG00000021488
ZDHHC6	ENSG00000023041
RNH1	ENSG00000023191
ALAS1	ENSG00000023330
DERA	ENSG00000023697
TOMM34	ENSG00000025772
FAS	ENSG00000026103
CD44	ENSG00000026508
PRKCH	ENSG00000027075
SH2D2A	ENSG00000027869
TBPL1	ENSG00000028839
RABEP1	ENSG00000029725
GRN	ENSG00000030582
APBA2	ENSG00000034053
NSMAF	ENSG00000035681
TIMP2	ENSG00000035862
OTC	ENSG00000036473
RIPOR1	ENSG00000039523
RAI14	ENSG00000039560
JADE2	ENSG00000043143
EPHA3	ENSG00000044524
DSG2	ENSG00000046604
CELF2	ENSG00000048740
RFC2	ENSG00000049541
MCUR1	ENSG00000050393
MAPK9	ENSG00000050748
HERPUD1	ENSG00000051108
PIK3CB	ENSG00000051382
RRP12	ENSG00000052749
AKR7A2	ENSG00000053371
LAMA3	ENSG00000053747
TRAPPC3	ENSG00000054116
THRAP3	ENSG00000054118
ARID4B	ENSG00000054267
SYNE2	ENSG00000054654
DCBLD2	ENSG00000057019
SERPINB3	ENSG00000057149
PKP2	ENSG00000057294
ATP11B	ENSG00000058063
PPP1R12A	ENSG00000058272
ATP2B4	ENSG00000058668
TARBP1	ENSG00000059588
SLC2A3	ENSG00000059804
STYK1	ENSG00000060140
GNA15	ENSG00000060558
ACAA1	ENSG00000060971
SPAG4	ENSG00000061656
GUCY1B1	ENSG00000061918
CDH3	ENSG00000062038
DGAT2	ENSG00000062282
APPBP2	ENSG00000062725
GPC1	ENSG00000063660
LPAR2	ENSG00000064547
HMG20B	ENSG00000064961
TAF11	ENSG00000064995
AP3D1	ENSG00000065000
TRAM2	ENSG00000065308
DGKA	ENSG00000065357
ERBB3	ENSG00000065361
ADAT1	ENSG00000065457
PDIA5	ENSG00000065485
SPEN	ENSG00000065526
MYLK	ENSG00000065534
PRKCQ	ENSG00000065675
MTHFD2	ENSG00000065911
PPP2R5A	ENSG00000066027
ELAVL1	ENSG00000066044
KDM4A	ENSG00000066135
ZMYND12	ENSG00000066185
FGFR2	ENSG00000066468
ISOC1	ENSG00000066583
ATG2B	ENSG00000066739
MTFR1	ENSG00000066855
PLPP1	ENSG00000067113
PHKA1	ENSG00000067177
DHX29	ENSG00000067248
DNTTIP2	ENSG00000067334
TP53BP1	ENSG00000067369
RHOA	ENSG00000067560
IARS2	ENSG00000067704
HEATR6	ENSG00000068097
COASY	ENSG00000068120
TFE3	ENSG00000068323
FTSJ1	ENSG00000068438
NUP133	ENSG00000069248
PIGB	ENSG00000069943
GNB5	ENSG00000069966
RAB27A	ENSG00000069974
SCT	ENSG00000070031
ELP1	ENSG00000070061
NUCB2	ENSG00000070081
JMJD6	ENSG00000070495
POLB	ENSG00000070501
ST6GALNAC2	ENSG00000070731
CSNK2A2	ENSG00000070770
TCOF1	ENSG00000070814
NCK2	ENSG00000071051
MAP4K4	ENSG00000071054
SNX13	ENSG00000071189
PDCD2	ENSG00000071994
PRKACA	ENSG00000072062
ADGRL1	ENSG00000072071
EPN2	ENSG00000072134
SMC1A	ENSG00000072501
HSD17B10	ENSG00000072506
P4HA2	ENSG00000072682
NFATC3	ENSG00000072736
STK10	ENSG00000072786
MRVI1	ENSG00000072952
SCARB1	ENSG00000073060
KDM5A	ENSG00000073614
FERMT2	ENSG00000073712
CD5L	ENSG00000073754
PTGS2	ENSG00000073756
IGF2BP2	ENSG00000073792
GLI2	ENSG00000074047
EED	ENSG00000074266
BCS1L	ENSG00000074582
HACD3	ENSG00000074696
TUBE1	ENSG00000074935
TIPIN	ENSG00000075131
FOSL2	ENSG00000075426
CACNG5	ENSG00000075429
RAB7A	ENSG00000075785
ICAM3	ENSG00000076662
RAP1GAP	ENSG00000076864
STXBP2	ENSG00000076944
TM9SF3	ENSG00000077147
NFKB2	ENSG00000077150
IL4R	ENSG00000077238
USP33	ENSG00000077254
UBE2A	ENSG00000077721
FGFR1	ENSG00000077782
PIK3C3	ENSG00000078142
N4BP2	ENSG00000078177
ADCY2	ENSG00000078295
EDN1	ENSG00000078401
MLLT10	ENSG00000078403
P2RY10	ENSG00000078589
PCM1	ENSG00000078674
ITCH	ENSG00000078747
XRCC5	ENSG00000079246
MKNK1	ENSG00000079277
FDFT1	ENSG00000079459
PAFAH1B3	ENSG00000079462
CARMIL1	ENSG00000079691
PGM1	ENSG00000079739
EPB41L2	ENSG00000079819
KEAP1	ENSG00000079999
RAB21	ENSG00000080371
SESN1	ENSG00000080546
CNOT4	ENSG00000080802
MOK	ENSG00000080823
CXCL2	ENSG00000081041
MEF2C	ENSG00000081189
PTPRC	ENSG00000081237
AACS	ENSG00000081760
PCDHA6	ENSG00000081842
IL12RB2	ENSG00000081985
ME2	ENSG00000082212
NFE2L1	ENSG00000082641
ITGB5	ENSG00000082781
PALB2	ENSG00000083093
KAT6A	ENSG00000083168
PLOD1	ENSG00000083444
OXCT1	ENSG00000083720
ZNF586	ENSG00000083828
FAT1	ENSG00000083857
PPIE	ENSG00000084072
FAM234B	ENSG00000084444
TXLNA	ENSG00000084652
GCKR	ENSG00000084734
MECOM	ENSG00000085276
MAP3K4	ENSG00000085511
PILRA	ENSG00000085514
AKR1B1	ENSG00000085662
CPNE3	ENSG00000085719
RRN3	ENSG00000085721
CTTN	ENSG00000085733
ORC1	ENSG00000085840
CHERP	ENSG00000085872
MAST2	ENSG00000086015
CHMP5	ENSG00000086065
ITPKC	ENSG00000086544
ZW10	ENSG00000086827
SRRT	ENSG00000087087
BAX	ENSG00000087088
PIGS	ENSG00000087111
MMP2	ENSG00000087245
NID2	ENSG00000087303
DNM1L	ENSG00000087470
ERGIC2	ENSG00000087502
AURKA	ENSG00000087586
GNA11	ENSG00000088256
ANKRD10	ENSG00000088448
PPP1R13B	ENSG00000088808
MAPKAPK5	ENSG00000089022
SLC23A2	ENSG00000089057
DZANK1	ENSG00000089091
LHX5	ENSG00000089116
PXN	ENSG00000089159
RPH3A	ENSG00000089169
IGBP1	ENSG00000089289
BIRC5	ENSG00000089685
ICAM1	ENSG00000090339
MCOLN1	ENSG00000090674
AARS	ENSG00000090861
DLD	ENSG00000091140
WDR7	ENSG00000091157
SPAG7	ENSG00000091640
PSME1	ENSG00000092010
PPP2R3C	ENSG00000092020
TGM1	ENSG00000092295
PHGDH	ENSG00000092621
CDC45	ENSG00000093009
HDAC6	ENSG00000094631
FMO2	ENSG00000094963
HOOK2	ENSG00000095066
BAMBI	ENSG00000095739
PGC	ENSG00000096088
HSP90AB1	ENSG00000096384
ABL1	ENSG00000097007
MZF1	ENSG00000099326
KCNK6	ENSG00000099337
CIRBP	ENSG00000099622
RASSF7	ENSG00000099849
GADD45B	ENSG00000099860
CRKL	ENSG00000099942
SF3A1	ENSG00000099995
LGALS2	ENSG00000100079
GGA1	ENSG00000100083
MICALL1	ENSG00000100139
XBP1	ENSG00000100219
JOSD1	ENSG00000100221
FBXO7	ENSG00000100225
HMOX1	ENSG00000100292
MCM5	ENSG00000100297
RBFOX2	ENSG00000100320
PNPLA5	ENSG00000100341
CERK	ENSG00000100422
ABHD4	ENSG00000100439
SDR39U1	ENSG00000100445
COCH	ENSG00000100473
POLE2	ENSG00000100479
PYGL	ENSG00000100504
CGRRF1	ENSG00000100532
ATP6V1D	ENSG00000100554
TIMM9	ENSG00000100575
GSTZ1	ENSG00000100577
SPTLC2	ENSG00000100596
LGMN	ENSG00000100600
SNW1	ENSG00000100603
DHRS7	ENSG00000100612
HIF1A	ENSG00000100644
SRSF5	ENSG00000100650
EIF5	ENSG00000100664
PCK2	ENSG00000100889
NFKBIA	ENSG00000100906
PSME2	ENSG00000100911
NFATC4	ENSG00000100968
CD40	ENSG00000101017
MYBL2	ENSG00000101057
ADNP	ENSG00000101126
RAE1	ENSG00000101146
TPD52L2	ENSG00000101150
PRPF6	ENSG00000101161
TUBB1	ENSG00000101162
TCFL5	ENSG00000101190
COL20A1	ENSG00000101203
CDC25B	ENSG00000101224
NDUFAF5	ENSG00000101247
TRIB3	ENSG00000101255
RSPO4	ENSG00000101282
MYL9	ENSG00000101335
CST4	ENSG00000101441
USP14	ENSG00000101557
RNMT	ENSG00000101654
PSMD10	ENSG00000101843
GPR143	ENSG00000101850
PGRMC1	ENSG00000101856
MID1	ENSG00000101871
SUV39H1	ENSG00000101945
PLP2	ENSG00000102007
PLS3	ENSG00000102024
NAA10	ENSG00000102030
SLC25A14	ENSG00000102078
FMR1	ENSG00000102081
BRS3	ENSG00000102239
HTATSF1	ENSG00000102241
NDFIP2	ENSG00000102471
TNFSF13B	ENSG00000102524
FNDC3A	ENSG00000102531
CORO1A	ENSG00000102879
PHKB	ENSG00000102893
LYRM1	ENSG00000102897
NUP93	ENSG00000102900
ACD	ENSG00000102977
NDRG4	ENSG00000103034
HAS3	ENSG00000103044
COG4	ENSG00000103051
PLA2G15	ENSG00000103066
MON1B	ENSG00000103111
AXIN1	ENSG00000103126
MPG	ENSG00000103152
CIAO3	ENSG00000103245
SLC7A5	ENSG00000103257
METRN	ENSG00000103260
STUB1	ENSG00000103266
DNAJA3	ENSG00000103423
STX4	ENSG00000103496
CCP110	ENSG00000103540
CSK	ENSG00000103653
RASL12	ENSG00000103710
FAH	ENSG00000103876
HOMER2	ENSG00000103942
GABPB1	ENSG00000104064
TJP1	ENSG00000104067
DECR1	ENSG00000104325
POP1	ENSG00000104356
IKBKB	ENSG00000104365
SPAG1	ENSG00000104450
SNX16	ENSG00000104497
TSTA3	ENSG00000104522
PYCR3	ENSG00000104524
PPP2CB	ENSG00000104695
ASAH1	ENSG00000104763
BNIP3L	ENSG00000104765
MAN2B1	ENSG00000104774
ECH1	ENSG00000104823
NFKBIB	ENSG00000104825
KCNA7	ENSG00000104848
RELB	ENSG00000104856
PIH1D1	ENSG00000104872
PLEKHJ1	ENSG00000104886
AMH	ENSG00000104899
LILRB1	ENSG00000104972
AKAP8	ENSG00000105127
POP4	ENSG00000105171
FSD1	ENSG00000105255
POLR2I	ENSG00000105258
ETFB	ENSG00000105379
CRX	ENSG00000105392
KDELR1	ENSG00000105438
GRWD1	ENSG00000105447
LIG1	ENSG00000105486
CAPS	ENSG00000105519
RASIP1	ENSG00000105538
TMEM147	ENSG00000105677
GAPDHS	ENSG00000105679
LSR	ENSG00000105699
CDK6	ENSG00000105810
TFPI2	ENSG00000105825
BET1	ENSG00000105829
PON2	ENSG00000105854
MPP6	ENSG00000105926
DNAJB6	ENSG00000105993
HOXA5	ENSG00000106004
HIBADH	ENSG00000106049
GRB10	ENSG00000106070
FKBP14	ENSG00000106080
STX1A	ENSG00000106089
CASP2	ENSG00000106144
HSPB1	ENSG00000106211
ZKSCAN1	ENSG00000106261
HYAL4	ENSG00000106302
AIMP2	ENSG00000106305
IMPDH1	ENSG00000106348
LSM5	ENSG00000106355
SERPINE1	ENSG00000106366
PLOD3	ENSG00000106397
RPA3	ENSG00000106399
NRF1	ENSG00000106459
EZH2	ENSG00000106462
MEST	ENSG00000106484
BLVRA	ENSG00000106605
RHEB	ENSG00000106615
PRKAG2	ENSG00000106617
BCL7B	ENSG00000106635
YKT6	ENSG00000106636
C5	ENSG00000106804
ASPN	ENSG00000106819
DNM1	ENSG00000106976
AK1	ENSG00000106992
TBC1D13	ENSG00000107021
NCS1	ENSG00000107130
TESK1	ENSG00000107140
DDX58	ENSG00000107201
NPDC1	ENSG00000107281
SH3GL2	ENSG00000107295
SHB	ENSG00000107338
PDLIM1	ENSG00000107438
GATA3	ENSG00000107485
RAB11FIP2	ENSG00000107560
DDX50	ENSG00000107625
NSMCE4A	ENSG00000107672
PALD1	ENSG00000107719
BMPR1A	ENSG00000107779
LIPA	ENSG00000107798
PITRM1	ENSG00000107959
XPNPEP1	ENSG00000108039
SMC3	ENSG00000108055
ZMIZ1	ENSG00000108175
CASC3	ENSG00000108349
RAD51C	ENSG00000108384
RNF167	ENSG00000108523
CHRNE	ENSG00000108556
NUP88	ENSG00000108559
BLMH	ENSG00000108578
DRG2	ENSG00000108591
SMARCD2	ENSG00000108604
CYTH1	ENSG00000108669
CCL2	ENSG00000108691
CCL8	ENSG00000108700
RAB5C	ENSG00000108774
COL1A1	ENSG00000108821
VAT1	ENSG00000108828
DUSP3	ENSG00000108861
MMD	ENSG00000108960
DPH1	ENSG00000108963
SLC9A3R1	ENSG00000109062
MYH3	ENSG00000109063
TMEM97	ENSG00000109084
ALDOC	ENSG00000109107
DCUN1D4	ENSG00000109184
ODAM	ENSG00000109205
CHIC2	ENSG00000109220
NFKB1	ENSG00000109320
AREG	ENSG00000109321
INPP4B	ENSG00000109452
GAB1	ENSG00000109458
WFS1	ENSG00000109501
TRIM2	ENSG00000109654
MFSD10	ENSG00000109736
NCAPG	ENSG00000109805
UGDH	ENSG00000109814
PPARGC1A	ENSG00000109819
DDX25	ENSG00000109832
CCDC34	ENSG00000109881
HSPA8	ENSG00000109971
CPT1A	ENSG00000110090
CCND1	ENSG00000110092
CCDC86	ENSG00000110104
TMEM109	ENSG00000110108
BIRC2	ENSG00000110330
PDHX	ENSG00000110435
PTPMT1	ENSG00000110536
SLC35F2	ENSG00000110660
NUP98	ENSG00000110713
PSMD9	ENSG00000110801
CAPRIN2	ENSG00000110888
SLC11A2	ENSG00000110911
MLEC	ENSG00000110917
MVK	ENSG00000110921
PPM1H	ENSG00000111110
ITFG2	ENSG00000111203
FOXM1	ENSG00000111206
AKAP3	ENSG00000111254
CDKN1B	ENSG00000111276
GPRC5D	ENSG00000111291
RFC5	ENSG00000111445
TIMELESS	ENSG00000111602
COPS7A	ENSG00000111652
ENO2	ENSG00000111674
ATN1	ENSG00000111676
PTPN6	ENSG00000111679
GOLT1B	ENSG00000111711
C2CD5	ENSG00000111731
RAB35	ENSG00000111737
BTN3A3	ENSG00000111801
RSPH4A	ENSG00000111834
PPARD	ENSG00000112033
MCM3	ENSG00000112118
MDN1	ENSG00000112159
ZNF451	ENSG00000112200
ASCC3	ENSG00000112249
GMNN	ENSG00000112312
SLC22A2	ENSG00000112499
CCND3	ENSG00000112576
TBP	ENSG00000112592
PTK7	ENSG00000112655
DNPH1	ENSG00000112667
DUSP22	ENSG00000112679
EXOC2	ENSG00000112685
SENP6	ENSG00000112701
TBX18	ENSG00000112837
TENT4A	ENSG00000112941
GHR	ENSG00000112964
HMGCS1	ENSG00000112972
KIF20A	ENSG00000112984
NNT	ENSG00000112992
HMGCR	ENSG00000113161
GNPDA1	ENSG00000113552
SKP1	ENSG00000113558
NR3C1	ENSG00000113580
TCERG1	ENSG00000113649
CSNK1A1	ENSG00000113712
HMGXB3	ENSG00000113716
SMC4	ENSG00000113810
PCCB	ENSG00000114054
RNF7	ENSG00000114125
HES1	ENSG00000114315
GNAI2	ENSG00000114353
NPRL2	ENSG00000114388
CBLB	ENSG00000114423
IQCG	ENSG00000114473
UMPS	ENSG00000114491
KIAA1257	ENSG00000114656
MAPKAPK3	ENSG00000114738
ABCC5	ENSG00000114770
TNNC1	ENSG00000114854
EIF4G1	ENSG00000114867
TTL	ENSG00000114999
PIKFYVE	ENSG00000115020
NCL	ENSG00000115053
FN1	ENSG00000115414
STAT1	ENSG00000115415
PAPOLG	ENSG00000115421
PECR	ENSG00000115425
KCNJ13	ENSG00000115474
TXNDC9	ENSG00000115514
ST3GAL5	ENSG00000115525
KDM3A	ENSG00000115548
IL1R1	ENSG00000115594
FHL2	ENSG00000115641
ABCB6	ENSG00000115657
SLC5A7	ENSG00000115665
STK25	ENSG00000115694
ID2	ENSG00000115738
GORASP2	ENSG00000115806
CEBPZ	ENSG00000115816
DARS	ENSG00000115866
SLC1A4	ENSG00000115902
TRAK2	ENSG00000115993
PCYOX1	ENSG00000116005
NFE2L2	ENSG00000116044
MSH6	ENSG00000116062
SPR	ENSG00000116096
BCL9	ENSG00000116128
GPX7	ENSG00000116157
SCP2	ENSG00000116171
FAM20B	ENSG00000116199
ICMT	ENSG00000116237
OPRD1	ENSG00000116329
SRSF4	ENSG00000116350
CAPZA1	ENSG00000116489
ARHGEF2	ENSG00000116584
PLA2G4A	ENSG00000116711
GADD45A	ENSG00000116717
RGS2	ENSG00000116741
CRYZ	ENSG00000116791
CD58	ENSG00000116815
LGALS8	ENSG00000116977
AKT3	ENSG00000117020
SDHB	ENSG00000117118
KDM5B	ENSG00000117139
GALE	ENSG00000117308
EBNA1BP2	ENSG00000117395
CDC20	ENSG00000117399
IPO13	ENSG00000117408
ATP6V0B	ENSG00000117410
PIK3R3	ENSG00000117461
FAAH	ENSG00000117480
RCAN3	ENSG00000117602
SLC35A3	ENSG00000117620
STMN1	ENSG00000117632
MAN1C1	ENSG00000117643
DHDDS	ENSG00000117682
NENF	ENSG00000117691
RPA2	ENSG00000117748
OSBPL9	ENSG00000117859
CTSD	ENSG00000117984
KIF14	ENSG00000118193
CAMSAP2	ENSG00000118200
ATF6	ENSG00000118217
CREB1	ENSG00000118260
RNF146	ENSG00000118518
RXYLT1	ENSG00000118600
FOXO3	ENSG00000118689
SPP1	ENSG00000118785
ITGB1BP1	ENSG00000119185
CCDC92	ENSG00000119242
HEATR1	ENSG00000119285
RAD23B	ENSG00000119318
CTNNAL1	ENSG00000119326
GLE1	ENSG00000119392
CNTRL	ENSG00000119397
ZBTB45	ENSG00000119574
TGFB3	ENSG00000119699
SLIRP	ENSG00000119705
SUPT7L	ENSG00000119760
DNMT3A	ENSG00000119772
IDE	ENSG00000119912
SMNDC1	ENSG00000119953
MTHFD1L	ENSG00000120254
PCMT1	ENSG00000120265
CENPL	ENSG00000120334
GORAB	ENSG00000120370
ACAT2	ENSG00000120437
NUDCD1	ENSG00000120526
DNAJC15	ENSG00000120675
UFM1	ENSG00000120686
SMAD9	ENSG00000120693
EGR1	ENSG00000120738
PLS1	ENSG00000120756
NR2C1	ENSG00000120798
MTERF2	ENSG00000120832
SOCS2	ENSG00000120833
DUSP4	ENSG00000120875
SORBS3	ENSG00000120896
PTK2B	ENSG00000120899
NPPB	ENSG00000120937
LYPLA1	ENSG00000120992
TBX2	ENSG00000121068
SLC35B1	ENSG00000121073
CAT	ENSG00000121691
ZMYM2	ENSG00000121741
PIK3CA	ENSG00000121879
PDS5A	ENSG00000121892
CXCR4	ENSG00000121966
ZRANB3	ENSG00000121988
FYTTD1	ENSG00000122068
TBX22	ENSG00000122145
NAA60	ENSG00000122390
LRRC39	ENSG00000122477
RWDD3	ENSG00000122481
SLC66A2	ENSG00000122490
BBS9	ENSG00000122507
INHBA	ENSG00000122641
DCAF10	ENSG00000122741
CISD1	ENSG00000122873
ECD	ENSG00000122882
SSPN	ENSG00000123096
ACOT9	ENSG00000123130
ADGRE5	ENSG00000123146
WDR83	ENSG00000123154
SPRYD7	ENSG00000123178
ATF1	ENSG00000123268
PDE1B	ENSG00000123360
CDK2	ENSG00000123374
LRP1	ENSG00000123384
SARDH	ENSG00000123453
LPGAT1	ENSG00000123684
BATF3	ENSG00000123685
PLA2G12A	ENSG00000123739
NCOA3	ENSG00000124151
VAPB	ENSG00000124164
SRSF6	ENSG00000124193
NEURL2	ENSG00000124257
STAMBP	ENSG00000124356
USP22	ENSG00000124422
GRM4	ENSG00000124493
WRNIP1	ENSG00000124535
UNC5CL	ENSG00000124602
HIST1H1A	ENSG00000124610
SPDEF	ENSG00000124664
CDKN1A	ENSG00000124762
SOX4	ENSG00000124766
SSR1	ENSG00000124783
EFNB2	ENSG00000125266
TM9SF2	ENSG00000125304
UPF3B	ENSG00000125351
DMAC2L	ENSG00000125375
BMP4	ENSG00000125378
MYH2	ENSG00000125414
NUP85	ENSG00000125450
MSTO1	ENSG00000125459
C1orf61	ENSG00000125462
KIR2DL1	ENSG00000125498
MBOAT7	ENSG00000125505
IL1B	ENSG00000125538
PAX8	ENSG00000125618
SNRPD2	ENSG00000125743
RTN2	ENSG00000125744
EML2	ENSG00000125746
TGM3	ENSG00000125780
NKX2-4	ENSG00000125816
PSMF1	ENSG00000125818
DSTN	ENSG00000125868
BPIFB1	ENSG00000125999
PLAGL2	ENSG00000126003
UROD	ENSG00000126088
FFAR2	ENSG00000126262
BECN1	ENSG00000126581
TRAP1	ENSG00000126602
TIMM17B	ENSG00000126768
KTN1	ENSG00000126777
PLEKHG3	ENSG00000126822
MAP2K2	ENSG00000126934
TRAF2	ENSG00000127191
PIN1	ENSG00000127445
FBXL12	ENSG00000127452
OR7C1	ENSG00000127530
UQCR11	ENSG00000127540
SYNGR3	ENSG00000127561
MACF1	ENSG00000127603
SMARCA4	ENSG00000127616
TICAM1	ENSG00000127666
AKAP9	ENSG00000127914
SEM1	ENSG00000127922
PTPN12	ENSG00000127947
POR	ENSG00000127948
GNAI1	ENSG00000127955
ZFP36	ENSG00000128016
PAICS	ENSG00000128050
CDC42EP1	ENSG00000128283
TPST2	ENSG00000128294
RAC2	ENSG00000128340
DOCK4	ENSG00000128512
CALU	ENSG00000128595
CHN1	ENSG00000128656
OSGEPL1	ENSG00000128694
HAT1	ENSG00000128708
CHAC1	ENSG00000128965
CLN6	ENSG00000128973
ARPP19	ENSG00000128989
LOXL1	ENSG00000129038
PSMA1	ENSG00000129084
DCTD	ENSG00000129187
TXNDC17	ENSG00000129235
PHF20L1	ENSG00000129292
ILF3	ENSG00000129351
ADCY4	ENSG00000129467
PARP2	ENSG00000129484
SNX6	ENSG00000129515
EAPP	ENSG00000129518
TEP1	ENSG00000129566
REEP5	ENSG00000129625
ITFG1	ENSG00000129636
ART1	ENSG00000129744
MAU2	ENSG00000129933
STARD8	ENSG00000130052
LDLR	ENSG00000130164
CNN1	ENSG00000130176
APOE	ENSG00000130203
XPO7	ENSG00000130227
ACSBG2	ENSG00000130377
FCHO1	ENSG00000130475
JUND	ENSG00000130522
OLFM1	ENSG00000130558
PAK4	ENSG00000130669
TAF4	ENSG00000130699
OSBPL2	ENSG00000130703
DNMT1	ENSG00000130816
PKDREJ	ENSG00000130943
RGN	ENSG00000130988
LILRB2	ENSG00000131042
F12	ENSG00000131187
PRR7	ENSG00000131188
SH3BP5	ENSG00000131370
TBC1D5	ENSG00000131374
NR1H2	ENSG00000131408
ACLY	ENSG00000131473
IL13RA1	ENSG00000131724
TOP2A	ENSG00000131747
STARD3	ENSG00000131748
ZNF132	ENSG00000131849
RHPN2	ENSG00000131941
DNAJB1	ENSG00000132002
LRRC41	ENSG00000132128
PPARG	ENSG00000132170
ENOSF1	ENSG00000132199
ARFIP2	ENSG00000132254
RRP8	ENSG00000132275
RPA1	ENSG00000132383
MTSS2	ENSG00000132613
SNAP25	ENSG00000132639
PCNA	ENSG00000132646
KHDC4	ENSG00000132680
HAPLN2	ENSG00000132702
DPH2	ENSG00000132768
CASP9	ENSG00000132906
USPL1	ENSG00000132952
CDK8	ENSG00000132964
WASF3	ENSG00000132970
PIK3C2B	ENSG00000133056
CCNA1	ENSG00000133101
TRPC4	ENSG00000133107
BEX2	ENSG00000133134
TCEAL4	ENSG00000133142
EPHB2	ENSG00000133216
CNDP2	ENSG00000133313
MYH11	ENSG00000133392
FOPNL	ENSG00000133393
PDZD2	ENSG00000133401
IMPA1	ENSG00000133731
CCNB1	ENSG00000134057
CDK7	ENSG00000134058
BHLHE40	ENSG00000134107
EDEM1	ENSG00000134109
EMC7	ENSG00000134153
VAV3	ENSG00000134215
PSRC1	ENSG00000134222
ANO3	ENSG00000134343
CCNH	ENSG00000134480
TMEM241	ENSG00000134490
DDB2	ENSG00000134574
CDCA8	ENSG00000134690
DSG3	ENSG00000134757
ERCC5	ENSG00000134899
STT3A	ENSG00000134910
ETS1	ENSG00000134954
CTSL	ENSG00000135047
CEMIP2	ENSG00000135048
FBXO21	ENSG00000135108
HRK	ENSG00000135116
BICDL1	ENSG00000135127
DMTF1	ENSG00000135164
TES	ENSG00000135269
MRAP2	ENSG00000135324
PRPH	ENSG00000135406
AVIL	ENSG00000135407
GDF11	ENSG00000135414
CDK4	ENSG00000135446
TFCP2	ENSG00000135457
PAN2	ENSG00000135473
MAP7	ENSG00000135525
DYSF	ENSG00000135636
KCNK1	ENSG00000135750
COG2	ENSG00000135775
USP37	ENSG00000135913
DNAJB2	ENSG00000135924
CAB39	ENSG00000135932
REV1	ENSG00000135945
C2orf49	ENSG00000135974
PWP1	ENSG00000136045
WASHC4	ENSG00000136051
FLNB	ENSG00000136068
TBC1D4	ENSG00000136111
SCRN1	ENSG00000136193
KDELR2	ENSG00000136240
BZW2	ENSG00000136261
TTYH3	ENSG00000136295
TTC5	ENSG00000136319
NMT1	ENSG00000136448
SCN2A	ENSG00000136531
EPRS	ENSG00000136628
IL36B	ENSG00000136696
YME1L1	ENSG00000136758
TOR1A	ENSG00000136827
STXBP1	ENSG00000136854
TLR4	ENSG00000136869
PRPF4	ENSG00000136875
FPGS	ENSG00000136877
USP20	ENSG00000136878
TEX10	ENSG00000136891
MYC	ENSG00000136997
DENND4C	ENSG00000137145
CNPY3	ENSG00000137161
PPIL1	ENSG00000137168
ZSCAN9	ENSG00000137185
TFAP2A	ENSG00000137203
TUBB2A	ENSG00000137267
BPHL	ENSG00000137274
IER3	ENSG00000137331
ARRB1	ENSG00000137486
SLCO2B1	ENSG00000137491
PRCP	ENSG00000137509
SDCBP	ENSG00000137575
SORL1	ENSG00000137642
MMP20	ENSG00000137674
DCUN1D5	ENSG00000137692
TRIM29	ENSG00000137699
SLC37A4	ENSG00000137700
RDX	ENSG00000137710
FXYD6	ENSG00000137726
MAP2K5	ENSG00000137764
SQOR	ENSG00000137767
CTDSPL2	ENSG00000137770
NUSAP1	ENSG00000137804
KIF23	ENSG00000137807
PAK6	ENSG00000137843
ADAM10	ENSG00000137845
SLC5A6	ENSG00000138074
FBXO11	ENSG00000138081
ANXA7	ENSG00000138279
TET1	ENSG00000138336
GUCA1C	ENSG00000138472
SECISBP2L	ENSG00000138593
HERC6	ENSG00000138642
PRDM5	ENSG00000138738
CDKL2	ENSG00000138769
CENPE	ENSG00000138778
HADH	ENSG00000138796
EGF	ENSG00000138798
MTTP	ENSG00000138823
LLPH	ENSG00000139233
DUSP6	ENSG00000139318
AMDHD1	ENSG00000139344
TCHP	ENSG00000139437
GALNT6	ENSG00000139629
ZNF740	ENSG00000139651
RB1	ENSG00000139687
RBM26	ENSG00000139746
MBNL2	ENSG00000139793
REM2	ENSG00000139890
KCNH5	ENSG00000140015
GPR65	ENSG00000140030
FAM181A	ENSG00000140067
WDR20	ENSG00000140153
BNIP2	ENSG00000140299
GTF2A2	ENSG00000140307
UBE2Q2	ENSG00000140367
PSTPIP1	ENSG00000140368
BCL2A1	ENSG00000140379
TSPAN3	ENSG00000140391
WDR61	ENSG00000140395
TPM1	ENSG00000140416
IGF1R	ENSG00000140443
NTRK3	ENSG00000140538
DET1	ENSG00000140543
IQGAP1	ENSG00000140575
PMM2	ENSG00000140650
PARN	ENSG00000140694
TXNL4B	ENSG00000140830
NOL3	ENSG00000140939
MBTPS1	ENSG00000140943
OSGIN1	ENSG00000140961
IRF8	ENSG00000140968
RHOT2	ENSG00000140983
PDPK1	ENSG00000140992
OR4D1	ENSG00000141194
VPS53	ENSG00000141252
SPATA22	ENSG00000141255
CLTC	ENSG00000141367
SLC39A6	ENSG00000141424
PELP1	ENSG00000141456
NPC1	ENSG00000141458
MINK1	ENSG00000141503
SAT2	ENSG00000141504
TP53	ENSG00000141510
PMAIP1	ENSG00000141682
ERBB2	ENSG00000141736
GRB7	ENSG00000141738
MVB12A	ENSG00000141971
CCDC97	ENSG00000142039
SIRT3	ENSG00000142082
IFNAR1	ENSG00000142166
APP	ENSG00000142192
AKT1	ENSG00000142208
PSMB6	ENSG00000142507
NOSIP	ENSG00000142546
EPHA2	ENSG00000142627
WDTC1	ENSG00000142784
KIF2C	ENSG00000142945
PTPRF	ENSG00000142949
MTF2	ENSG00000143033
ATP1B1	ENSG00000143153
MPC2	ENSG00000143158
CREG1	ENSG00000143162
TMCO1	ENSG00000143183
ILDR2	ENSG00000143195
MGST3	ENSG00000143198
COP1	ENSG00000143207
UFC1	ENSG00000143222
PPOX	ENSG00000143224
PFDN2	ENSG00000143256
PIGM	ENSG00000143315
PRUNE1	ENSG00000143363
SF3B4	ENSG00000143368
ADAMTSL4	ENSG00000143382
RFX5	ENSG00000143390
MINDY1	ENSG00000143409
OAZ3	ENSG00000143450
DYRK3	ENSG00000143479
DUSP10	ENSG00000143507
TP53BP2	ENSG00000143514
SLC27A3	ENSG00000143554
INTS3	ENSG00000143624
SCCPDH	ENSG00000143653
NVL	ENSG00000143748
MBOAT2	ENSG00000143797
PARP1	ENSG00000143799
LBR	ENSG00000143815
ZNF514	ENSG00000144026
NAT8	ENSG00000144035
SFXN5	ENSG00000144040
DUSP11	ENSG00000144048
RALB	ENSG00000144118
LIPT1	ENSG00000144182
HSPD1	ENSG00000144381
ACKR3	ENSG00000144476
VGLL4	ENSG00000144560
TMF1	ENSG00000144747
ATG3	ENSG00000144848
TRPC1	ENSG00000144935
TCTA	ENSG00000145022
NICN1	ENSG00000145029
STXBP5L	ENSG00000145087
MUC4	ENSG00000145113
ENOPH1	ENSG00000145293
SNCA	ENSG00000145335
CCNA2	ENSG00000145386
GLRA3	ENSG00000145451
MYO10	ENSG00000145555
SSBP2	ENSG00000145687
RASA1	ENSG00000145715
TNIP1	ENSG00000145901
GFOD1	ENSG00000145990
TNFRSF21	ENSG00000146072
TTBK1	ENSG00000146216
NFKBIE	ENSG00000146232
PM20D2	ENSG00000146281
SCML4	ENSG00000146285
TAAR2	ENSG00000146378
WTAP	ENSG00000146457
VWDE	ENSG00000146530
EGFR	ENSG00000146648
CDCA5	ENSG00000146670
IGFBP3	ENSG00000146674
TLK2	ENSG00000146872
LUC7L2	ENSG00000146963
CASK	ENSG00000147044
EBP	ENSG00000147155
IL2RG	ENSG00000147168
NSDHL	ENSG00000147383
LRP12	ENSG00000147650
POLR2K	ENSG00000147669
ZNF7	ENSG00000147789
CDKN2A	ENSG00000147889
NTRK2	ENSG00000148053
ALAD	ENSG00000148218
NOTCH1	ENSG00000148400
USP6NL	ENSG00000148429
RSU1	ENSG00000148484
PARD3	ENSG00000148498
A1CF	ENSG00000148584
POLR3A	ENSG00000148606
MKI67	ENSG00000148773
PAK1	ENSG00000149269
HYOU1	ENSG00000149428
EI24	ENSG00000149547
CHEK1	ENSG00000149554
CDH22	ENSG00000149654
LSM14B	ENSG00000149657
YTHDF1	ENSG00000149658
PLCB3	ENSG00000149782
HMGA2	ENSG00000149948
ARID5B	ENSG00000150347
LATS2	ENSG00000150457
PDCD4	ENSG00000150593
CCDC83	ENSG00000150676
RGS18	ENSG00000150681
PRSS23	ENSG00000150687
MTMR12	ENSG00000150712
PPP1R1C	ENSG00000150722
DOCK1	ENSG00000150760
DLAT	ENSG00000150768
UBE3B	ENSG00000151148
EIF4E	ENSG00000151247
NUBPL	ENSG00000151413
INPP1	ENSG00000151689
SLC25A4	ENSG00000151729
ZNF385D	ENSG00000151789
CCDC175	ENSG00000151838
PABPC3	ENSG00000151846
PARP8	ENSG00000151883
BAG3	ENSG00000151929
TMEM132D	ENSG00000151952
SPOCK1	ENSG00000152377
RPP38	ENSG00000152464
PAN3	ENSG00000152520
PLEKHH2	ENSG00000152527
DMP1	ENSG00000152592
MBNL1	ENSG00000152601
ANKRD22	ENSG00000152766
PTPRK	ENSG00000152894
MED21	ENSG00000152944
CAST	ENSG00000153113
CETN3	ENSG00000153140
SMARCA5	ENSG00000153147
OR14K1	ENSG00000153230
PTPRR	ENSG00000153233
CD8A	ENSG00000153563
RPIA	ENSG00000153574
JAZF1	ENSG00000153814
MCOLN2	ENSG00000153898
HS2ST1	ENSG00000153936
PPP2R5E	ENSG00000154001
OTULIN	ENSG00000154124
TOMM70	ENSG00000154174
ENPP3	ENSG00000154269
UCHL1	ENSG00000154277
DISP1	ENSG00000154309
C10orf90	ENSG00000154493
DIPK1A	ENSG00000154511
SORBS2	ENSG00000154556
TSEN2	ENSG00000154743
PIEZO2	ENSG00000154864
OTUD6B	ENSG00000155100
CDK19	ENSG00000155111
NIFK	ENSG00000155438
OXA1L	ENSG00000155463
ZKSCAN2	ENSG00000155592
FZD7	ENSG00000155760
RNF20	ENSG00000155827
RRAGA	ENSG00000155876
CLIC2	ENSG00000155962
PSD3	ENSG00000156011
DCK	ENSG00000156136
ALX3	ENSG00000156150
TIAM1	ENSG00000156299
SORCS3	ENSG00000156395
SFXN2	ENSG00000156398
SH3RF2	ENSG00000156463
MTERF3	ENSG00000156469
SUPV3L1	ENSG00000156502
HK1	ENSG00000156515
UBE2L6	ENSG00000156587
KAT6B	ENSG00000156650
UTP14A	ENSG00000156697
MAPK13	ENSG00000156711
TBC1D31	ENSG00000156787
PHKG2	ENSG00000156873
SASS6	ENSG00000156876
BUB1B	ENSG00000156970
BRPF1	ENSG00000156983
TATDN2	ENSG00000157014
RBPMS	ENSG00000157110
FZD1	ENSG00000157240
CLEC18A	ENSG00000157322
IL34	ENSG00000157368
KIT	ENSG00000157404
CACNA2D3	ENSG00000157445
CCNB2	ENSG00000157456
TSC22D3	ENSG00000157514
C2CD2	ENSG00000157617
BRAF	ENSG00000157764
ACAN	ENSG00000157766
PANK4	ENSG00000157881
WIPI2	ENSG00000157954
KRTCAP3	ENSG00000157992
NCK1	ENSG00000158092
RHPN1	ENSG00000158106
XDH	ENSG00000158125
FAIM	ENSG00000158234
CUL4B	ENSG00000158290
GDPD5	ENSG00000158555
NIT1	ENSG00000158793
TOMM40L	ENSG00000158882
MIS18A	ENSG00000159055
LAD1	ENSG00000159166
CSRP1	ENSG00000159176
CLIC6	ENSG00000159212
CBR1	ENSG00000159228
CBR3	ENSG00000159231
ADIPOR1	ENSG00000159346
PSMD4	ENSG00000159352
STARD9	ENSG00000159433
EFCAB14	ENSG00000159658
FAM131B	ENSG00000159784
PSKH1	ENSG00000159792
NPR2	ENSG00000159899
CALM3	ENSG00000160014
DFFA	ENSG00000160049
NR2F6	ENSG00000160113
TFF1	ENSG00000160182
RRP1B	ENSG00000160208
LRRC3	ENSG00000160233
RALGDS	ENSG00000160271
SLC2A6	ENSG00000160326
LCN1	ENSG00000160349
HIPK4	ENSG00000160396
SHKBP1	ENSG00000160410
ZDHHC12	ENSG00000160446
PKN3	ENSG00000160447
DEDD2	ENSG00000160570
SHC1	ENSG00000160691
ANO10	ENSG00000160746
PMF1	ENSG00000160783
UBQLN4	ENSG00000160803
FGFR4	ENSG00000160867
CYP3A7	ENSG00000160870
CPSF4	ENSG00000160917
VPS28	ENSG00000160948
ZNF333	ENSG00000160961
SQSTM1	ENSG00000161011
FBXL13	ENSG00000161040
ABCF3	ENSG00000161204
BDH1	ENSG00000161267
SENP3	ENSG00000161956
CCNF	ENSG00000162063
AMDHD2	ENSG00000162066
NEU3	ENSG00000162139
CYB561A3	ENSG00000162144
USP24	ENSG00000162402
NOL9	ENSG00000162408
KLHL21	ENSG00000162413
KIAA1522	ENSG00000162522
SCNN1D	ENSG00000162572
MEGF6	ENSG00000162591
USP1	ENSG00000162607
SNX7	ENSG00000162627
BRINP3	ENSG00000162670
AGL	ENSG00000162688
FAM71A	ENSG00000162771
ATF3	ENSG00000162772
DENND2D	ENSG00000162777
MAPKAPK2	ENSG00000162889
FCAMR	ENSG00000162897
TYW5	ENSG00000162971
LRATD1	ENSG00000162981
ACTG2	ENSG00000163017
COQ8A	ENSG00000163050
SGCB	ENSG00000163069
TNFAIP8L2	ENSG00000163154
VPS72	ENSG00000163159
SMCP	ENSG00000163206
DCAF16	ENSG00000163257
C1orf189	ENSG00000163263
GPR155	ENSG00000163328
SLC15A2	ENSG00000163406
ARPC2	ENSG00000163466
RNF25	ENSG00000163481
ADORA1	ENSG00000163485
TGFBR2	ENSG00000163513
ANKZF1	ENSG00000163516
FBLN2	ENSG00000163520
EIF5A2	ENSG00000163577
GTPBP8	ENSG00000163607
CDS1	ENSG00000163624
TIPARP	ENSG00000163659
SLMAP	ENSG00000163681
ABHD6	ENSG00000163686
RBM47	ENSG00000163694
APBB2	ENSG00000163697
IL17RC	ENSG00000163702
CXCL3	ENSG00000163734
CPA3	ENSG00000163751
TOPBP1	ENSG00000163781
KIF15	ENSG00000163808
WDR43	ENSG00000163811
SLC6A20	ENSG00000163817
DTX3L	ENSG00000163840
YEATS2	ENSG00000163872
GRIK3	ENSG00000163873
ZC3H12A	ENSG00000163874
KLF15	ENSG00000163884
RPN1	ENSG00000163902
PRKCD	ENSG00000163932
GNL3	ENSG00000163938
LRPAP1	ENSG00000163956
ZNF691	ENSG00000164011
PGRMC2	ENSG00000164040
CDC25A	ENSG00000164045
CAMP	ENSG00000164047
ZNF589	ENSG00000164048
DUSP7	ENSG00000164086
OTUD4	ENSG00000164164
LSM6	ENSG00000164167
SLC25A46	ENSG00000164209
CASP3	ENSG00000164305
CMYA5	ENSG00000164309
TERT	ENSG00000164362
LEAP2	ENSG00000164406
SLC35A1	ENSG00000164414
TXLNB	ENSG00000164440
CREBRF	ENSG00000164463
RAET1E	ENSG00000164520
COG5	ENSG00000164597
KIF6	ENSG00000164627
TEX47	ENSG00000164645
GPER1	ENSG00000164850
NOS3	ENSG00000164867
SLC4A2	ENSG00000164889
GBX1	ENSG00000164900
ALDH7A1	ENSG00000164904
FZD6	ENSG00000164930
WASHC5	ENSG00000164961
RPP25L	ENSG00000164967
PSIP1	ENSG00000164985
SYK	ENSG00000165025
ABCA1	ENSG00000165029
NFIL3	ENSG00000165030
ZMAT4	ENSG00000165061
KIF27	ENSG00000165115
DYNLT3	ENSG00000165169
KIAA1958	ENSG00000165185
STOML2	ENSG00000165283
BRWD3	ENSG00000165288
MELK	ENSG00000165304
CLDN2	ENSG00000165376
WRN	ENSG00000165392
INPPL1	ENSG00000165458
CRYL1	ENSG00000165475
KLHDC2	ENSG00000165516
VSTM4	ENSG00000165633
HPRT1	ENSG00000165704
PIP4P1	ENSG00000165782
CASP7	ENSG00000165806
ZFYVE1	ENSG00000165861
PACSIN3	ENSG00000165912
HTRA1	ENSG00000166033
CEP57	ENSG00000166037
IL25	ENSG00000166090
TRMT61A	ENSG00000166166
NOLC1	ENSG00000166197
FRS2	ENSG00000166225
PCBD1	ENSG00000166228
ILK	ENSG00000166333
ATP9B	ENSG00000166377
CYB5R2	ENSG00000166394
KIAA0355	ENSG00000166398
TRIM66	ENSG00000166436
ATMIN	ENSG00000166454
C16orf46	ENSG00000166455
HDGFL3	ENSG00000166503
CFAP52	ENSG00000166596
BLCAP	ENSG00000166619
PLEKHA7	ENSG00000166689
CATSPER2	ENSG00000166762
PLIN1	ENSG00000166819
PEX11A	ENSG00000166821
TERF2IP	ENSG00000166848
PLK1	ENSG00000166851
CLPX	ENSG00000166855
SMAD3	ENSG00000166949
PRR15L	ENSG00000167183
CRK	ENSG00000167193
CA4	ENSG00000167434
GATAD2A	ENSG00000167491
DHRS13	ENSG00000167536
CORO6	ENSG00000167549
TUBA1C	ENSG00000167553
GPD1	ENSG00000167588
CYP2S1	ENSG00000167600
LENG8	ENSG00000167615
TRAPPC9	ENSG00000167632
DNAAF3	ENSG00000167646
TMIGD2	ENSG00000167664
TLCD3A	ENSG00000167695
GLOD4	ENSG00000167699
TSR1	ENSG00000167721
TRPV3	ENSG00000167723
ANGPTL4	ENSG00000167772
CD320	ENSG00000167775
HID1	ENSG00000167861
KCTD5	ENSG00000167977
TRANK1	ENSG00000168016
CTNNB1	ENSG00000168036
MAJIN	ENSG00000168070
PBK	ENSG00000168078
RAB4A	ENSG00000168118
MAPK1IP1L	ENSG00000168175
DDIT4	ENSG00000168209
NT5DC2	ENSG00000168268
KIF5C	ENSG00000168280
THAP11	ENSG00000168286
KCTD6	ENSG00000168301
XIRP1	ENSG00000168334
ARF4	ENSG00000168374
MLKL	ENSG00000168404
COG7	ENSG00000168434
RAB31	ENSG00000168461
GBX2	ENSG00000168505
TMEM223	ENSG00000168569
STAT3	ENSG00000168610
PKIG	ENSG00000168734
TET2	ENSG00000168769
TSPAN5	ENSG00000168785
MAT2A	ENSG00000168906
PPIC	ENSG00000168938
STXBP6	ENSG00000168952
ATF5	ENSG00000169136
NSMCE1	ENSG00000169189
RGS14	ENSG00000169220
TBC1D10B	ENSG00000169221
ADRB2	ENSG00000169252
STK32A	ENSG00000169302
ELSPBP1	ENSG00000169393
PTK2	ENSG00000169398
CLIC4	ENSG00000169504
DTWD2	ENSG00000169570
VPREB1	ENSG00000169575
INO80E	ENSG00000169592
DFFB	ENSG00000169598
DUS1L	ENSG00000169718
RFNG	ENSG00000169733
ROBO1	ENSG00000169855
NANP	ENSG00000170191
FAXDC2	ENSG00000170271
CRTAP	ENSG00000170275
STX8	ENSG00000170310
CDK1	ENSG00000170312
FOS	ENSG00000170345
TMED10	ENSG00000170348
SEMA3E	ENSG00000170381
NUDT9	ENSG00000170502
ELOVL6	ENSG00000170522
HSPA4	ENSG00000170606
HOXB9	ENSG00000170689
CDCA4	ENSG00000170779
LMOD2	ENSG00000170807
TRIAP1	ENSG00000170855
KIAA0232	ENSG00000170871
OR7G2	ENSG00000170923
FEZ2	ENSG00000171055
RLN3	ENSG00000171136
RBKS	ENSG00000171174
GRIK1	ENSG00000171189
SMR3B	ENSG00000171201
CSN3	ENSG00000171209
SCAND1	ENSG00000171222
SHCBP1	ENSG00000171241
GAA	ENSG00000171298
CANT1	ENSG00000171302
PGAM1	ENSG00000171314
POLR1C	ENSG00000171453
ZNF318	ENSG00000171467
WIPF2	ENSG00000171475
NLRP5	ENSG00000171487
CLSTN1	ENSG00000171603
ZNF274	ENSG00000171606
ZIK1	ENSG00000171649
TCEA2	ENSG00000171703
GATM	ENSG00000171766
NXNL1	ENSG00000171773
BCL2	ENSG00000171791
METTL18	ENSG00000171806
FAM90A1	ENSG00000171847
KLF17	ENSG00000171872
ATPAF2	ENSG00000171953
MAL	ENSG00000172005
RAB33B	ENSG00000172007
NME6	ENSG00000172113
CYCS	ENSG00000172115
SNTB1	ENSG00000172164
MALT1	ENSG00000172175
ZNF131	ENSG00000172262
OR5A2	ENSG00000172324
C2CD2L	ENSG00000172375
ARNT2	ENSG00000172379
RSPH9	ENSG00000172426
OR9G4	ENSG00000172457
RAD9A	ENSG00000172613
NAA16	ENSG00000172766
OR10W1	ENSG00000172772
KRT2	ENSG00000172867
OXSR1	ENSG00000172939
RXFP4	ENSG00000173080
PARP15	ENSG00000173200
TUBB8P12	ENSG00000173213
GLRX	ENSG00000173221
SYT12	ENSG00000173227
DMRT2	ENSG00000173253
TRIB1	ENSG00000173334
DAG1	ENSG00000173402
DAB1	ENSG00000173406
ZNRD2	ENSG00000173465
SMARCC1	ENSG00000173473
NABP1	ENSG00000173559
SCAI	ENSG00000173611
C11orf80	ENSG00000173715
STAT5B	ENSG00000173757
NET1	ENSG00000173848
PHC3	ENSG00000173889
GOLIM4	ENSG00000173905
TLR10	ENSG00000174123
FAM53A	ENSG00000174137
DDX23	ENSG00000174243
GOLGA6L2	ENSG00000174450
IGDCC3	ENSG00000174498
AKIRIN1	ENSG00000174574
BRSK2	ENSG00000174672
B4GAT1	ENSG00000174684
GLMN	ENSG00000174842
KCTD13	ENSG00000174943
FUT1	ENSG00000174951
ZIC4	ENSG00000174963
SLC22A1	ENSG00000175003
CHST2	ENSG00000175040
UBE2C	ENSG00000175063
VCPIP1	ENSG00000175073
SPSB4	ENSG00000175093
PSMD2	ENSG00000175166
FAM131A	ENSG00000175182
PCCA	ENSG00000175198
ARHGAP1	ENSG00000175220
CCNE2	ENSG00000175305
ZNF25	ENSG00000175395
CLTB	ENSG00000175416
TBC1D10C	ENSG00000175463
POLD4	ENSG00000175482
DRAP1	ENSG00000175550
FOSL1	ENSG00000175592
CCDC85B	ENSG00000175602
RUVBL1	ENSG00000175792
SFN	ENSG00000175793
MSRA	ENSG00000175806
SWI5	ENSG00000175854
PLEKHD1	ENSG00000175985
TUBB6	ENSG00000176014
CHMP6	ENSG00000176108
OR11H4	ENSG00000176198
ZNF404	ENSG00000176222
ZNF575	ENSG00000176472
CCDC121	ENSG00000176714
CDK5R1	ENSG00000176749
OR52E2	ENSG00000176787
OR51G2	ENSG00000176893
PXMP2	ENSG00000176894
TCIM	ENSG00000176907
FIBIN	ENSG00000176971
SEC24C	ENSG00000176986
CLVS1	ENSG00000177182
TIMM22	ENSG00000177370
ZBTB33	ENSG00000177485
OR2G2	ENSG00000177489
ZBED2	ENSG00000177494
FAM187B	ENSG00000177558
JUN	ENSG00000177606
IL17RA	ENSG00000177663
DNAJC28	ENSG00000177692
SLC35G5	ENSG00000177710
ZNF619	ENSG00000177873
CCDC184	ENSG00000177875
ALS2CL	ENSG00000178038
MLF1	ENSG00000178053
STAP2	ENSG00000178078
DDX10	ENSG00000178105
LCORL	ENSG00000178177
GALNT11	ENSG00000178234
NEUROG2	ENSG00000178403
P4HTM	ENSG00000178467
UCN3	ENSG00000178473
SUZ12	ENSG00000178691
GP5	ENSG00000178732
EXOSC4	ENSG00000178896
CYBC1	ENSG00000178927
AURKB	ENSG00000178999
RRS1	ENSG00000179041
CYP11B2	ENSG00000179142
GATA2	ENSG00000179348
MROH1	ENSG00000179832
SERTAD2	ENSG00000179833
NKPD1	ENSG00000179846
ZNF648	ENSG00000179930
CCR8	ENSG00000179934
PUF60	ENSG00000179950
SOCS4	ENSG00000180008
C3orf80	ENSG00000180044
WFDC11	ENSG00000180083
MEIOC	ENSG00000180336
C11orf71	ENSG00000180425
NRIP1	ENSG00000180530
FUT7	ENSG00000180549
YOD1	ENSG00000180667
GPR157	ENSG00000180758
MAP6D1	ENSG00000180834
GPR62	ENSG00000180929
ADIPOQ	ENSG00000181092
SLC25A41	ENSG00000181240
DDN	ENSG00000181418
SOX2	ENSG00000181449
TMEM45A	ENSG00000181458
EDDM3A	ENSG00000181562
COPG1	ENSG00000181789
ADO	ENSG00000181915
CCDC149	ENSG00000181982
GET1	ENSG00000182093
FAM181B	ENSG00000182103
ZNF716	ENSG00000182111
ASB18	ENSG00000182177
EXT1	ENSG00000182197
SHMT2	ENSG00000182199
BACE2	ENSG00000182240
C1S	ENSG00000182326
TRAPPC6B	ENSG00000182400
BGN	ENSG00000182492
MFSD5	ENSG00000182544
ADI1	ENSG00000182551
SATB1	ENSG00000182568
TSKU	ENSG00000182704
NGRN	ENSG00000182768
ACBD3	ENSG00000182827
C16orf72	ENSG00000182831
RGS7	ENSG00000182901
HMGN4	ENSG00000182952
MTA1	ENSG00000182979
PYCR1	ENSG00000183010
NAA38	ENSG00000183011
PTGDR2	ENSG00000183134
GJD3	ENSG00000183153
TFDP3	ENSG00000183434
MX2	ENSG00000183486
PSMG1	ENSG00000183527
TNFAIP8L3	ENSG00000183578
ZNF530	ENSG00000183647
TMEM50A	ENSG00000183726
ACP7	ENSG00000183760
CHEK2	ENSG00000183765
AIFM3	ENSG00000183773
PNMA3	ENSG00000183837
ZNF730	ENSG00000183850
PRKX	ENSG00000183943
UQCR10	ENSG00000184076
NIPSNAP1	ENSG00000184117
KCNQ3	ENSG00000184156
CRELD2	ENSG00000184164
DEFB108B	ENSG00000184276
COPB2	ENSG00000184432
C1QTNF8	ENSG00000184471
FOXO4	ENSG00000184481
PROS1	ENSG00000184500
MED12	ENSG00000184634
HIST2H2BE	ENSG00000184678
CLDN6	ENSG00000184697
PRR16	ENSG00000184838
TMEM186	ENSG00000184857
BTBD6	ENSG00000184887
LCN12	ENSG00000184925
CHRM5	ENSG00000184984
DGAT1	ENSG00000185000
MIXL1	ENSG00000185155
MC2R	ENSG00000185231
PRPF39	ENSG00000185246
C12orf56	ENSG00000185306
ATP6V0A2	ENSG00000185344
HGS	ENSG00000185359
MUC1	ENSG00000185499
IRF7	ENSG00000185507
PDIA2	ENSG00000185615
NDUFA4L2	ENSG00000185633
NTF3	ENSG00000185652
SNAI3	ENSG00000185669
SPATA31A6	ENSG00000185775
MORF4L1	ENSG00000185787
SLC52A2	ENSG00000185803
IKZF1	ENSG00000185811
PRSS38	ENSG00000185888
LCE3E	ENSG00000185966
PLK5	ENSG00000185988
TAL2	ENSG00000186051
LRRC70	ENSG00000186105
GPAT2	ENSG00000186281
TMEM212	ENSG00000186329
KRT3	ENSG00000186442
DEFB132	ENSG00000186458
INSIG1	ENSG00000186480
ZNF396	ENSG00000186496
GPATCH8	ENSG00000186566
LYRM7	ENSG00000186687
CXCR3	ENSG00000186810
SERPINA11	ENSG00000186910
ZNF395	ENSG00000186918
EMID1	ENSG00000186998
LILRA5	ENSG00000187116
RNF220	ENSG00000187147
LHFPL3	ENSG00000187416
CHP1	ENSG00000187446
COL4A1	ENSG00000187498
SBK2	ENSG00000187550
USP7	ENSG00000187555
SAMD11	ENSG00000187634
ERAS	ENSG00000187682
C9orf153	ENSG00000187753
KRTAP10-8	ENSG00000187766
DNAH17	ENSG00000187775
PLSCR3	ENSG00000187838
EIF4EBP1	ENSG00000187840
UBQLN2	ENSG00000188021
ZNF490	ENSG00000188033
ARL4C	ENSG00000188042
PLSCR1	ENSG00000188313
C10orf99	ENSG00000188373
PPP3R2	ENSG00000188386
PAQR9	ENSG00000188582
ZNF177	ENSG00000188629
IDO2	ENSG00000188676
RBM34	ENSG00000188739
CATSPER4	ENSG00000188782
FBF1	ENSG00000188878
INSYN2A	ENSG00000188916
MSANTD1	ENSG00000188981
ZNF292	ENSG00000188994
ZNF527	ENSG00000189164
S100A13	ENSG00000189171
RRP7A	ENSG00000189306
ZNF724	ENSG00000196081
TDRD7	ENSG00000196116
S100A4	ENSG00000196154
FUT4	ENSG00000196371
ZNF34	ENSG00000196378
PTPN1	ENSG00000196396
EVL	ENSG00000196405
ZNF124	ENSG00000196418
PIK3R4	ENSG00000196455
MME	ENSG00000196549
LAMA2	ENSG00000196569
OR5AC2	ENSG00000196578
HDAC2	ENSG00000196591
MMP1	ENSG00000196611
ADH1B	ENSG00000196616
RABL6	ENSG00000196642
ZNF418	ENSG00000196724
POU3F4	ENSG00000196767
TLE1	ENSG00000196781
OR11G2	ENSG00000196832
NHLRC2	ENSG00000196865
ARHGEF12	ENSG00000196914
LAGE3	ENSG00000196976
ZNF441	ENSG00000197044
SIGLEC15	ENSG00000197046
IGF2R	ENSG00000197081
SRC	ENSG00000197122
ENTPD4	ENSG00000197217
TBC1D9B	ENSG00000197226
HIST1H4J	ENSG00000197238
GTF2E2	ENSG00000197265
ZNF165	ENSG00000197279
LRP10	ENSG00000197324
PDGFA	ENSG00000197461
GALP	ENSG00000197487
CXorf40A	ENSG00000197620
SPTAN1	ENSG00000197694
PSAP	ENSG00000197746
FAM118B	ENSG00000197798
ZNF181	ENSG00000197841
ADH5	ENSG00000197894
TEAD4	ENSG00000197905
ERO1A	ENSG00000197930
AADACL2	ENSG00000197953
S100A6	ENSG00000197956
MPZL1	ENSG00000197965
DLGAP2	ENSG00000198010
AVPR1B	ENSG00000198049
AKR1B10	ENSG00000198074
TFDP1	ENSG00000198176
HSD17B11	ENSG00000198189
DDX42	ENSG00000198231
SPRED2	ENSG00000198369
GFPT1	ENSG00000198380
UVRAG	ENSG00000198382
TXNRD1	ENSG00000198431
ANKRD35	ENSG00000198483
ZNF28	ENSG00000198538
KCNRG	ENSG00000198553
CTNND1	ENSG00000198561
RYR2	ENSG00000198626
KLHL9	ENSG00000198642
MT-ND6	ENSG00000198695
F5	ENSG00000198734
PNP	ENSG00000198805
FOXJ3	ENSG00000198815
CHAMP1	ENSG00000198824
UBE2J1	ENSG00000198833
MT-ND4	ENSG00000198886
SHISA4	ENSG00000198892
CAPZA2	ENSG00000198898
KIAA0753	ENSG00000198920
KIF1BP	ENSG00000198954
OR2L2	ENSG00000203663
COX20	ENSG00000203667
SPRR2E	ENSG00000203785
PCMTD2	ENSG00000203880
C1orf185	ENSG00000204006
GIGYF2	ENSG00000204120
RUFY2	ENSG00000204130
NHSL2	ENSG00000204131
ZDHHC18	ENSG00000204160
DAXX	ENSG00000204209
PFDN6	ENSG00000204220
RING1	ENSG00000204227
PSMB8	ENSG00000204264
PJVK	ENSG00000204311
SKIV2L	ENSG00000204351
SPANXN5	ENSG00000204363
HSPA1A	ENSG00000204389
MPIG6B	ENSG00000204420
PRAMEF14	ENSG00000204481
MICB	ENSG00000204516
ABCF1	ENSG00000204574
DDR1	ENSG00000204580
IL31	ENSG00000204671
MAS1L	ENSG00000204687
OR2J3	ENSG00000204701
TCTN1	ENSG00000204852
KRTAP1-4	ENSG00000204887
ZNF155	ENSG00000204920
ZNF425	ENSG00000204947
TRIM13	ENSG00000204977
FAM71F2	ENSG00000205085
PSMB10	ENSG00000205220
ADGRG1	ENSG00000205336
OR52J3	ENSG00000205495
OR51A4	ENSG00000205497
ARRDC5	ENSG00000205784
BHLHA9	ENSG00000205899
RNPS1	ENSG00000205937
JPT2	ENSG00000206053
FOXL2NB	ENSG00000206262
TMEM200C	ENSG00000206432
CFAP44	ENSG00000206530
SELENOH	ENSG00000211450
SACM1L	ENSG00000211456
TSN	ENSG00000211460
NUP62	ENSG00000213024
SCAF8	ENSG00000213079
MLLT11	ENSG00000213190
NRAS	ENSG00000213281
GSTM2	ENSG00000213366
ARHGAP19	ENSG00000213390
STIMATE	ENSG00000213533
C8orf82	ENSG00000213563
VDAC1	ENSG00000213585
PPM1N	ENSG00000213889
DNASE1	ENSG00000213918
CSNK1E	ENSG00000213923
REPIN1	ENSG00000214022
TSPAN4	ENSG00000214063
MYCBP	ENSG00000214114
MINDY4B	ENSG00000214237
FIS1	ENSG00000214253
DEFB133	ENSG00000214643
ZNF727	ENSG00000214652
IFRD2	ENSG00000214706
FASTKD5	ENSG00000215251
GAGE10	ENSG00000215274
ZNF705D	ENSG00000215343
NPEPL1	ENSG00000215440
DEFB116	ENSG00000215545
CEBPZOS	ENSG00000218739
PLXNA4	ENSG00000221866
CEBPD	ENSG00000221869
APOL6	ENSG00000221963
CCNL2	ENSG00000221978
OR52B4	ENSG00000221996
CDRT15	ENSG00000223510
USP17L15	ENSG00000223569
PLEKHM1	ENSG00000225190
C14orf132	ENSG00000227051
PARG	ENSG00000227345
LTB	ENSG00000227507
C2orf92	ENSG00000228486
FNDC10	ENSG00000228594
ARL17B	ENSG00000228696
CCDC192	ENSG00000230561
HSBP1	ENSG00000230989
PLSCR5	ENSG00000231213
RNF224	ENSG00000233198
IFNA13	ENSG00000233816
UQCRHL	ENSG00000233954
PAGE2	ENSG00000234068
TRIM26	ENSG00000234127
MCIDAS	ENSG00000234602
BRD3OS	ENSG00000235106
MFRP	ENSG00000235718
PATE3	ENSG00000236027
ZBTB22	ENSG00000236104
AL354761.1	
ARHGEF38	ENSG00000236699
CKMT1B	ENSG00000237289
PATE4	ENSG00000237353
TMEM250	ENSG00000238227
TEX35	ENSG00000240021
LY6G5B	ENSG00000240053
SMKR1	ENSG00000240204
PCDHGC5	ENSG00000240764
MIF	ENSG00000240972
KRTAP5-8	ENSG00000241233
SERPINB10	ENSG00000242550
PRAF2	ENSG00000243279
AMY2A	ENSG00000243480
UPK3B	ENSG00000243566
IL10RB	ENSG00000243646
UBE2V1	ENSG00000244687
CEBPA	ENSG00000245848
TWF2	ENSG00000247596
INSL3	ENSG00000248099
SPATS1	ENSG00000249481
HS3ST5	ENSG00000249853
PTTG2	ENSG00000250254
AC010255.3	
USP17L23	ENSG00000250913
PRB1	ENSG00000251655
PTX4	ENSG00000251692
OC90	ENSG00000253117
PCDHGA12	ENSG00000253159
HOXA10	ENSG00000253293
CLDN23	ENSG00000253958
ZNF260	ENSG00000254004
LYN	ENSG00000254087
PINX1	ENSG00000254093
NPIPB11	ENSG00000254206
CHMP4A	ENSG00000254505
SMIM35	ENSG00000255274
OR6J1	ENSG00000255804
COA8	ENSG00000256053
ZNF225	ENSG00000256294
POLG2	ENSG00000256525
CNPY2	ENSG00000257727
SLC22A31	ENSG00000259803
RBM15B	ENSG00000259956
KCNJ18	ENSG00000260458
FIGNL2	ENSG00000261308
SCRT1	ENSG00000261678
MIA	ENSG00000261857
IKBKE	ENSG00000263528
NBPF15	ENSG00000266338
UPK3BL1	ENSG00000267368
EDDM13	ENSG00000267710
TRABD2B	ENSG00000269113
PRAMEF5	ENSG00000270601
ANKRD34A	ENSG00000272031
GRIN2B	ENSG00000273079
NBPF26	ENSG00000273136
ZBTB8B	ENSG00000273274
AGBL1	ENSG00000273540
CEACAM20	ENSG00000273777
NUDT18	ENSG00000275074
FCGBP	ENSG00000275395
DUSP14	ENSG00000276023
CCL3L1	ENSG00000277768
HIST1H4I	ENSG00000276180
KCNE1B	
PIP4K2B	ENSG00000276293
PKD1L3	ENSG00000277481
TEX28	ENSG00000278057
OR8K3	ENSG00000280314
PAGR1	ENSG00000280789
SPRR5	ENSG00000283227
FAM237B	ENSG00000283267
FAM240B	ENSG00000283329
C19orf85	ENSG00000283567
SLURP2	ENSG00000283992
SCO2	ENSG00000284194
AC084121.12	
