gene_symbol,ensembl_id,challenge_idx,lincs_entrez,lincs_feature_space,split
TSPAN6,ENSG00000000003,0,7105,landmark,panel
SCYL3,ENSG00000000457,1,57147,landmark,panel
FUCA2,ENSG00000001036,2,,,rest
BAD,ENSG00000002330,3,572,landmark,panel
LAP3,ENSG00000002549,4,51056,landmark,panel
SNX11,ENSG00000002919,5,29916,landmark,panel
CASP10,ENSG00000003400,6,843,landmark,panel
CFLAR,ENSG00000003402,7,8837,landmark,panel
FKBP4,ENSG00000004478,8,2288,landmark,panel
RBM6,ENSG00000004534,9,10180,landmark,panel
SLC25A13,ENSG00000004864,10,10165,landmark,panel
ST7,ENSG00000004866,11,7982,landmark,panel
UPF1,ENSG00000005007,12,5976,best inferred,rest
CIAPIN1,ENSG00000005194,13,57019,landmark,panel
WDR54,ENSG00000005448,14,,,rest
MYCBP2,ENSG00000005810,15,23077,landmark,panel
ITGAL,ENSG00000005844,16,3683,best inferred,rest
TAC1,ENSG00000006128,17,6863,best inferred,rest
RALA,ENSG00000006451,18,5898,landmark,panel
ETV1,ENSG00000006468,19,2115,landmark,panel
TBXA2R,ENSG00000006638,20,6915,landmark,panel
PAF1,ENSG00000006712,21,54623,landmark,panel
ELAC2,ENSG00000006744,22,60528,landmark,panel
ARSD,ENSG00000006756,23,414,best inferred,rest
MYH13,ENSG00000006788,24,8735,inferred,rest
PAFAH1B1,ENSG00000007168,25,5048,landmark,panel
KIAA0100,ENSG00000007202,26,9703,landmark,panel
TRAPPC6A,ENSG00000007255,27,79090,landmark,panel
E2F2,ENSG00000007968,28,1870,landmark,panel
PSMB1,ENSG00000008018,29,5689,best inferred,rest
SYPL1,ENSG00000008282,30,6856,landmark,panel
CYB561,ENSG00000008283,31,1534,landmark,panel
RHOBTB2,ENSG00000008853,32,23221,best inferred,rest
UBE3C,ENSG00000009335,33,9690,landmark,panel
TENM1,ENSG00000009694,34,10178,inferred,rest
NCAPD2,ENSG00000010292,35,9918,landmark,panel
SEMA3G,ENSG00000010319,36,56920,best inferred,rest
NISCH,ENSG00000010322,37,11188,landmark,panel
BTK,ENSG00000010671,38,695,landmark,panel
FYN,ENSG00000010810,39,2534,landmark,panel
FMO1,ENSG00000010932,40,2326,best inferred,rest
MKS1,ENSG00000011143,41,54903,best inferred,rest
AKAP8L,ENSG00000011243,42,26993,landmark,panel
SYT7,ENSG00000011347,43,,,rest
BRCA1,ENSG00000012048,44,672,landmark,panel
LTF,ENSG00000012223,45,4057,best inferred,rest
UBR7,ENSG00000012963,46,55148,landmark,panel
MAP4K5,ENSG00000012983,47,11183,best inferred,rest
MVP,ENSG00000013364,48,9961,landmark,panel
HEBP1,ENSG00000013583,49,50865,landmark,panel
MAMLD1,ENSG00000013619,50,10046,landmark,panel
CD6,ENSG00000013725,51,923,best inferred,rest
CAPN1,ENSG00000014216,52,823,landmark,panel
BID,ENSG00000015475,53,637,landmark,panel
NUDCD3,ENSG00000015676,54,23386,landmark,panel
ATP2C1,ENSG00000017260,55,27032,landmark,panel
MNAT1,ENSG00000020426,56,4331,landmark,panel
SLC7A9,ENSG00000021488,57,11136,inferred,rest
ZDHHC6,ENSG00000023041,58,64429,landmark,panel
RNH1,ENSG00000023191,59,6050,landmark,panel
ALAS1,ENSG00000023330,60,211,landmark,panel
DERA,ENSG00000023697,61,51071,landmark,panel
TOMM34,ENSG00000025772,62,10953,landmark,panel
FAS,ENSG00000026103,63,355,landmark,panel
CD44,ENSG00000026508,64,960,landmark,panel
PRKCH,ENSG00000027075,65,5583,landmark,panel
SH2D2A,ENSG00000027869,66,9047,best inferred,rest
TBPL1,ENSG00000028839,67,9519,landmark,panel
RABEP1,ENSG00000029725,68,9135,best inferred,rest
GRN,ENSG00000030582,69,2896,landmark,panel
APBA2,ENSG00000034053,70,321,best inferred,rest
NSMAF,ENSG00000035681,71,8439,best inferred,rest
TIMP2,ENSG00000035862,72,7077,landmark,panel
OTC,ENSG00000036473,73,5009,inferred,rest
RIPOR1,ENSG00000039523,74,79567,best inferred,rest
RAI14,ENSG00000039560,75,26064,landmark,panel
JADE2,ENSG00000043143,76,23338,landmark,panel
EPHA3,ENSG00000044524,77,2042,landmark,panel
DSG2,ENSG00000046604,78,1829,landmark,panel
CELF2,ENSG00000048740,79,10659,best inferred,rest
RFC2,ENSG00000049541,80,5982,landmark,panel
MCUR1,ENSG00000050393,81,63933,landmark,panel
MAPK9,ENSG00000050748,82,5601,landmark,panel
HERPUD1,ENSG00000051108,83,9709,landmark,panel
PIK3CB,ENSG00000051382,84,5291,best inferred,rest
RRP12,ENSG00000052749,85,23223,landmark,panel
AKR7A2,ENSG00000053371,86,8574,landmark,panel
LAMA3,ENSG00000053747,87,3909,landmark,panel
TRAPPC3,ENSG00000054116,88,27095,landmark,panel
THRAP3,ENSG00000054118,89,9967,best inferred,rest
ARID4B,ENSG00000054267,90,51742,landmark,panel
SYNE2,ENSG00000054654,91,23224,landmark,panel
DCBLD2,ENSG00000057019,92,131566,best inferred,rest
SERPINB3,ENSG00000057149,93,6317,best inferred,rest
PKP2,ENSG00000057294,94,5318,best inferred,rest
ATP11B,ENSG00000058063,95,23200,landmark,panel
PPP1R12A,ENSG00000058272,96,4659,best inferred,rest
ATP2B4,ENSG00000058668,97,493,best inferred,rest
TARBP1,ENSG00000059588,98,6894,landmark,panel
SLC2A3,ENSG00000059804,99,6515,best inferred,rest
STYK1,ENSG00000060140,100,55359,best inferred,rest
GNA15,ENSG00000060558,101,2769,landmark,panel
ACAA1,ENSG00000060971,102,30,landmark,panel
SPAG4,ENSG00000061656,103,6676,landmark,panel
GUCY1B1,ENSG00000061918,104,2983,best inferred,rest
CDH3,ENSG00000062038,105,1001,landmark,panel
DGAT2,ENSG00000062282,106,,,rest
APPBP2,ENSG00000062725,107,10513,landmark,panel
GPC1,ENSG00000063660,108,2817,landmark,panel
LPAR2,ENSG00000064547,109,9170,landmark,panel
HMG20B,ENSG00000064961,110,10362,landmark,panel
TAF11,ENSG00000064995,111,6882,best inferred,rest
AP3D1,ENSG00000065000,112,8943,best inferred,rest
TRAM2,ENSG00000065308,113,9697,landmark,panel
DGKA,ENSG00000065357,114,1606,best inferred,rest
ERBB3,ENSG00000065361,115,2065,landmark,panel
ADAT1,ENSG00000065457,116,23536,landmark,panel
PDIA5,ENSG00000065485,117,10954,landmark,panel
SPEN,ENSG00000065526,118,23013,landmark,panel
MYLK,ENSG00000065534,119,4638,landmark,panel
PRKCQ,ENSG00000065675,120,5588,landmark,panel
MTHFD2,ENSG00000065911,121,10797,landmark,panel
PPP2R5A,ENSG00000066027,122,5525,landmark,panel
ELAVL1,ENSG00000066044,123,1994,landmark,panel
KDM4A,ENSG00000066135,124,9682,best inferred,rest
ZMYND12,ENSG00000066185,125,,,rest
FGFR2,ENSG00000066468,126,2263,landmark,panel
ISOC1,ENSG00000066583,127,51015,landmark,panel
ATG2B,ENSG00000066739,128,55102,best inferred,rest
MTFR1,ENSG00000066855,129,9650,landmark,panel
PLPP1,ENSG00000067113,130,8611,best inferred,rest
PHKA1,ENSG00000067177,131,5255,landmark,panel
DHX29,ENSG00000067248,132,54505,landmark,panel
DNTTIP2,ENSG00000067334,133,30836,landmark,panel
TP53BP1,ENSG00000067369,134,7158,landmark,panel
RHOA,ENSG00000067560,135,387,landmark,panel
IARS2,ENSG00000067704,136,55699,landmark,panel
HEATR6,ENSG00000068097,137,63897,best inferred,rest
COASY,ENSG00000068120,138,80347,landmark,panel
TFE3,ENSG00000068323,139,7030,best inferred,rest
FTSJ1,ENSG00000068438,140,24140,best inferred,rest
NUP133,ENSG00000069248,141,55746,landmark,panel
PIGB,ENSG00000069943,142,9488,landmark,panel
GNB5,ENSG00000069966,143,10681,landmark,panel
RAB27A,ENSG00000069974,144,5873,landmark,panel
SCT,ENSG00000070031,145,6343,inferred,rest
ELP1,ENSG00000070061,146,8518,landmark,panel
NUCB2,ENSG00000070081,147,4925,landmark,panel
JMJD6,ENSG00000070495,148,23210,landmark,panel
POLB,ENSG00000070501,149,5423,landmark,panel
ST6GALNAC2,ENSG00000070731,150,10610,landmark,panel
CSNK2A2,ENSG00000070770,151,1459,landmark,panel
TCOF1,ENSG00000070814,152,6949,best inferred,rest
NCK2,ENSG00000071051,153,8440,landmark,panel
MAP4K4,ENSG00000071054,154,9448,landmark,panel
SNX13,ENSG00000071189,155,23161,landmark,panel
PDCD2,ENSG00000071994,156,5134,best inferred,rest
PRKACA,ENSG00000072062,157,5566,landmark,panel
ADGRL1,ENSG00000072071,158,22859,best inferred,rest
EPN2,ENSG00000072134,159,22905,landmark,panel
SMC1A,ENSG00000072501,160,8243,landmark,panel
HSD17B10,ENSG00000072506,161,3028,landmark,panel
P4HA2,ENSG00000072682,162,8974,landmark,panel
NFATC3,ENSG00000072736,163,4775,landmark,panel
STK10,ENSG00000072786,164,6793,landmark,panel
MRVI1,ENSG00000072952,165,,,rest
SCARB1,ENSG00000073060,166,949,landmark,panel
KDM5A,ENSG00000073614,167,5927,landmark,panel
FERMT2,ENSG00000073712,168,10979,best inferred,rest
CD5L,ENSG00000073754,169,922,inferred,rest
PTGS2,ENSG00000073756,170,5743,landmark,panel
IGF2BP2,ENSG00000073792,171,10644,landmark,panel
GLI2,ENSG00000074047,172,2736,landmark,panel
EED,ENSG00000074266,173,8726,landmark,panel
BCS1L,ENSG00000074582,174,617,best inferred,rest
HACD3,ENSG00000074696,175,51495,landmark,panel
TUBE1,ENSG00000074935,176,,,rest
TIPIN,ENSG00000075131,177,54962,best inferred,rest
FOSL2,ENSG00000075426,178,2355,best inferred,rest
CACNG5,ENSG00000075429,179,27091,inferred,rest
RAB7A,ENSG00000075785,180,7879,best inferred,rest
ICAM3,ENSG00000076662,181,3385,landmark,panel
RAP1GAP,ENSG00000076864,182,5909,landmark,panel
STXBP2,ENSG00000076944,183,6813,landmark,panel
TM9SF3,ENSG00000077147,184,56889,landmark,panel
NFKB2,ENSG00000077150,185,4791,landmark,panel
IL4R,ENSG00000077238,186,3566,landmark,panel
USP33,ENSG00000077254,187,23032,best inferred,rest
UBE2A,ENSG00000077721,188,7319,landmark,panel
FGFR1,ENSG00000077782,189,2260,best inferred,rest
PIK3C3,ENSG00000078142,190,5289,landmark,panel
N4BP2,ENSG00000078177,191,,,rest
ADCY2,ENSG00000078295,192,108,best inferred,rest
EDN1,ENSG00000078401,193,1906,landmark,panel
MLLT10,ENSG00000078403,194,8028,best inferred,rest
P2RY10,ENSG00000078589,195,27334,best inferred,rest
PCM1,ENSG00000078674,196,5108,landmark,panel
ITCH,ENSG00000078747,197,83737,best inferred,rest
XRCC5,ENSG00000079246,198,7520,best inferred,rest
MKNK1,ENSG00000079277,199,8569,landmark,panel
FDFT1,ENSG00000079459,200,2222,landmark,panel
PAFAH1B3,ENSG00000079462,201,5050,landmark,panel
CARMIL1,ENSG00000079691,202,55604,landmark,panel
PGM1,ENSG00000079739,203,5236,landmark,panel
EPB41L2,ENSG00000079819,204,2037,landmark,panel
KEAP1,ENSG00000079999,205,9817,landmark,panel
RAB21,ENSG00000080371,206,23011,landmark,panel
SESN1,ENSG00000080546,207,27244,landmark,panel
CNOT4,ENSG00000080802,208,4850,landmark,panel
MOK,ENSG00000080823,209,5891,landmark,panel
CXCL2,ENSG00000081041,210,2920,landmark,panel
MEF2C,ENSG00000081189,211,4208,landmark,panel
PTPRC,ENSG00000081237,212,5788,landmark,panel
AACS,ENSG00000081760,213,65985,best inferred,rest
PCDHA6,ENSG00000081842,214,56142,inferred,rest
IL12RB2,ENSG00000081985,215,3595,best inferred,rest
ME2,ENSG00000082212,216,4200,landmark,panel
NFE2L1,ENSG00000082641,217,4779,best inferred,rest
ITGB5,ENSG00000082781,218,3693,landmark,panel
PALB2,ENSG00000083093,219,79728,best inferred,rest
KAT6A,ENSG00000083168,220,7994,landmark,panel
PLOD1,ENSG00000083444,221,5351,best inferred,rest
OXCT1,ENSG00000083720,222,5019,landmark,panel
ZNF586,ENSG00000083828,223,54807,landmark,panel
FAT1,ENSG00000083857,224,2195,landmark,panel
PPIE,ENSG00000084072,225,10450,landmark,panel
FAM234B,ENSG00000084444,226,57613,best inferred,rest
TXLNA,ENSG00000084652,227,200081,landmark,panel
GCKR,ENSG00000084734,228,2646,best inferred,rest
MECOM,ENSG00000085276,229,2122,best inferred,rest
MAP3K4,ENSG00000085511,230,4216,landmark,panel
PILRA,ENSG00000085514,231,29992,best inferred,rest
AKR1B1,ENSG00000085662,232,231,best inferred,rest
CPNE3,ENSG00000085719,233,8895,landmark,panel
RRN3,ENSG00000085721,234,54700,best inferred,rest
CTTN,ENSG00000085733,235,2017,landmark,panel
ORC1,ENSG00000085840,236,4998,landmark,panel
CHERP,ENSG00000085872,237,10523,landmark,panel
MAST2,ENSG00000086015,238,23139,landmark,panel
CHMP5,ENSG00000086065,239,51510,best inferred,rest
ITPKC,ENSG00000086544,240,80271,best inferred,rest
ZW10,ENSG00000086827,241,9183,landmark,panel
SRRT,ENSG00000087087,242,51593,best inferred,rest
BAX,ENSG00000087088,243,581,landmark,panel
PIGS,ENSG00000087111,244,,,rest
MMP2,ENSG00000087245,245,4313,landmark,panel
NID2,ENSG00000087303,246,22795,best inferred,rest
DNM1L,ENSG00000087470,247,10059,landmark,panel
ERGIC2,ENSG00000087502,248,51290,best inferred,rest
AURKA,ENSG00000087586,249,6790,landmark,panel
GNA11,ENSG00000088256,250,2767,landmark,panel
ANKRD10,ENSG00000088448,251,55608,landmark,panel
PPP1R13B,ENSG00000088808,252,23368,landmark,panel
MAPKAPK5,ENSG00000089022,253,8550,landmark,panel
SLC23A2,ENSG00000089057,254,9962,best inferred,rest
DZANK1,ENSG00000089091,255,55184,best inferred,rest
LHX5,ENSG00000089116,256,64211,inferred,rest
PXN,ENSG00000089159,257,5829,landmark,panel
RPH3A,ENSG00000089169,258,22895,best inferred,rest
IGBP1,ENSG00000089289,259,3476,best inferred,rest
BIRC5,ENSG00000089685,260,332,landmark,panel
ICAM1,ENSG00000090339,261,3383,landmark,panel
MCOLN1,ENSG00000090674,262,57192,landmark,panel
AARS,ENSG00000090861,263,16,landmark,panel
DLD,ENSG00000091140,264,1738,landmark,panel
WDR7,ENSG00000091157,265,23335,landmark,panel
SPAG7,ENSG00000091640,266,9552,landmark,panel
PSME1,ENSG00000092010,267,5720,landmark,panel
PPP2R3C,ENSG00000092020,268,55012,landmark,panel
TGM1,ENSG00000092295,269,7051,best inferred,rest
PHGDH,ENSG00000092621,270,26227,landmark,panel
CDC45,ENSG00000093009,271,8318,landmark,panel
HDAC6,ENSG00000094631,272,10013,landmark,panel
FMO2,ENSG00000094963,273,2327,best inferred,rest
HOOK2,ENSG00000095066,274,29911,landmark,panel
BAMBI,ENSG00000095739,275,25805,landmark,panel
PGC,ENSG00000096088,276,5225,inferred,rest
HSP90AB1,ENSG00000096384,277,3326,best inferred,rest
ABL1,ENSG00000097007,278,25,landmark,panel
MZF1,ENSG00000099326,279,7593,best inferred,rest
KCNK6,ENSG00000099337,280,,,rest
CIRBP,ENSG00000099622,281,1153,landmark,panel
RASSF7,ENSG00000099849,282,8045,best inferred,rest
GADD45B,ENSG00000099860,283,4616,landmark,panel
CRKL,ENSG00000099942,284,1399,landmark,panel
SF3A1,ENSG00000099995,285,10291,best inferred,rest
LGALS2,ENSG00000100079,286,3957,best inferred,rest
GGA1,ENSG00000100083,287,26088,best inferred,rest
MICALL1,ENSG00000100139,288,85377,landmark,panel
XBP1,ENSG00000100219,289,7494,landmark,panel
JOSD1,ENSG00000100221,290,9929,best inferred,rest
FBXO7,ENSG00000100225,291,25793,landmark,panel
HMOX1,ENSG00000100292,292,3162,landmark,panel
MCM5,ENSG00000100297,293,4174,best inferred,rest
RBFOX2,ENSG00000100320,294,23543,best inferred,rest
PNPLA5,ENSG00000100341,295,,,rest
CERK,ENSG00000100422,296,64781,landmark,panel
ABHD4,ENSG00000100439,297,63874,landmark,panel
SDR39U1,ENSG00000100445,298,56948,best inferred,rest
COCH,ENSG00000100473,299,1690,best inferred,rest
POLE2,ENSG00000100479,300,5427,landmark,panel
PYGL,ENSG00000100504,301,5836,landmark,panel
CGRRF1,ENSG00000100532,302,10668,landmark,panel
ATP6V1D,ENSG00000100554,303,51382,landmark,panel
TIMM9,ENSG00000100575,304,26520,landmark,panel
GSTZ1,ENSG00000100577,305,2954,landmark,panel
SPTLC2,ENSG00000100596,306,9517,landmark,panel
LGMN,ENSG00000100600,307,5641,landmark,panel
SNW1,ENSG00000100603,308,22938,best inferred,rest
DHRS7,ENSG00000100612,309,51635,landmark,panel
HIF1A,ENSG00000100644,310,3091,landmark,panel
SRSF5,ENSG00000100650,311,6430,best inferred,rest
EIF5,ENSG00000100664,312,1983,landmark,panel
PCK2,ENSG00000100889,313,5106,landmark,panel
NFKBIA,ENSG00000100906,314,4792,landmark,panel
PSME2,ENSG00000100911,315,5721,landmark,panel
NFATC4,ENSG00000100968,316,4776,landmark,panel
CD40,ENSG00000101017,317,958,landmark,panel
MYBL2,ENSG00000101057,318,4605,landmark,panel
ADNP,ENSG00000101126,319,23394,best inferred,rest
RAE1,ENSG00000101146,320,8480,landmark,panel
TPD52L2,ENSG00000101150,321,7165,landmark,panel
PRPF6,ENSG00000101161,322,24148,best inferred,rest
TUBB1,ENSG00000101162,323,81027,inferred,rest
TCFL5,ENSG00000101190,324,10732,landmark,panel
COL20A1,ENSG00000101203,325,,,rest
CDC25B,ENSG00000101224,326,994,landmark,panel
NDUFAF5,ENSG00000101247,327,79133,inferred,rest
TRIB3,ENSG00000101255,328,57761,landmark,panel
RSPO4,ENSG00000101282,329,,,rest
MYL9,ENSG00000101335,330,10398,landmark,panel
CST4,ENSG00000101441,331,1472,inferred,rest
USP14,ENSG00000101557,332,9097,landmark,panel
RNMT,ENSG00000101654,333,8731,landmark,panel
PSMD10,ENSG00000101843,334,5716,landmark,panel
GPR143,ENSG00000101850,335,4935,best inferred,rest
PGRMC1,ENSG00000101856,336,10857,landmark,panel
MID1,ENSG00000101871,337,4281,best inferred,rest
SUV39H1,ENSG00000101945,338,6839,landmark,panel
PLP2,ENSG00000102007,339,5355,landmark,panel
PLS3,ENSG00000102024,340,5358,best inferred,rest
NAA10,ENSG00000102030,341,8260,best inferred,rest
SLC25A14,ENSG00000102078,342,9016,landmark,panel
FMR1,ENSG00000102081,343,2332,best inferred,rest
BRS3,ENSG00000102239,344,680,inferred,rest
HTATSF1,ENSG00000102241,345,27336,landmark,panel
NDFIP2,ENSG00000102471,346,,,rest
TNFSF13B,ENSG00000102524,347,,,rest
FNDC3A,ENSG00000102531,348,22862,best inferred,rest
CORO1A,ENSG00000102879,349,11151,landmark,panel
PHKB,ENSG00000102893,350,5257,landmark,panel
LYRM1,ENSG00000102897,351,57149,landmark,panel
NUP93,ENSG00000102900,352,9688,landmark,panel
ACD,ENSG00000102977,353,65057,landmark,panel
NDRG4,ENSG00000103034,354,65009,best inferred,rest
HAS3,ENSG00000103044,355,,,rest
COG4,ENSG00000103051,356,25839,landmark,panel
PLA2G15,ENSG00000103066,357,23659,landmark,panel
MON1B,ENSG00000103111,358,22879,best inferred,rest
AXIN1,ENSG00000103126,359,8312,landmark,panel
MPG,ENSG00000103152,360,4350,best inferred,rest
CIAO3,ENSG00000103245,361,64428,landmark,panel
SLC7A5,ENSG00000103257,362,8140,best inferred,rest
METRN,ENSG00000103260,363,79006,landmark,panel
STUB1,ENSG00000103266,364,10273,landmark,panel
DNAJA3,ENSG00000103423,365,9093,landmark,panel
STX4,ENSG00000103496,366,6810,landmark,panel
CCP110,ENSG00000103540,367,9738,landmark,panel
CSK,ENSG00000103653,368,1445,landmark,panel
RASL12,ENSG00000103710,369,51285,best inferred,rest
FAH,ENSG00000103876,370,2184,landmark,panel
HOMER2,ENSG00000103942,371,9455,landmark,panel
GABPB1,ENSG00000104064,372,2553,landmark,panel
TJP1,ENSG00000104067,373,7082,landmark,panel
DECR1,ENSG00000104325,374,1666,landmark,panel
POP1,ENSG00000104356,375,10940,best inferred,rest
IKBKB,ENSG00000104365,376,3551,landmark,panel
SPAG1,ENSG00000104450,377,6674,best inferred,rest
SNX16,ENSG00000104497,378,64089,best inferred,rest
TSTA3,ENSG00000104522,379,7264,landmark,panel
PYCR3,ENSG00000104524,380,65263,best inferred,rest
PPP2CB,ENSG00000104695,381,5516,best inferred,rest
ASAH1,ENSG00000104763,382,427,landmark,panel
BNIP3L,ENSG00000104765,383,665,landmark,panel
MAN2B1,ENSG00000104774,384,4125,landmark,panel
ECH1,ENSG00000104823,385,1891,landmark,panel
NFKBIB,ENSG00000104825,386,4793,landmark,panel
KCNA7,ENSG00000104848,387,,,rest
RELB,ENSG00000104856,388,5971,landmark,panel
PIH1D1,ENSG00000104872,389,55011,landmark,panel
PLEKHJ1,ENSG00000104886,390,55111,landmark,panel
AMH,ENSG00000104899,391,268,inferred,rest
LILRB1,ENSG00000104972,392,10859,best inferred,rest
AKAP8,ENSG00000105127,393,10270,landmark,panel
POP4,ENSG00000105171,394,10775,landmark,panel
FSD1,ENSG00000105255,395,79187,landmark,panel
POLR2I,ENSG00000105258,396,5438,landmark,panel
ETFB,ENSG00000105379,397,2109,landmark,panel
CRX,ENSG00000105392,398,1406,inferred,rest
KDELR1,ENSG00000105438,399,10945,best inferred,rest
GRWD1,ENSG00000105447,400,83743,landmark,panel
LIG1,ENSG00000105486,401,3978,landmark,panel
CAPS,ENSG00000105519,402,,,rest
RASIP1,ENSG00000105538,403,54922,best inferred,rest
TMEM147,ENSG00000105677,404,10430,best inferred,rest
GAPDHS,ENSG00000105679,405,26330,inferred,rest
LSR,ENSG00000105699,406,51599,landmark,panel
CDK6,ENSG00000105810,407,1021,landmark,panel
TFPI2,ENSG00000105825,408,7980,best inferred,rest
BET1,ENSG00000105829,409,10282,best inferred,rest
PON2,ENSG00000105854,410,5445,best inferred,rest
MPP6,ENSG00000105926,411,51678,best inferred,rest
DNAJB6,ENSG00000105993,412,10049,landmark,panel
HOXA5,ENSG00000106004,413,3202,landmark,panel
HIBADH,ENSG00000106049,414,,,rest
GRB10,ENSG00000106070,415,2887,landmark,panel
FKBP14,ENSG00000106080,416,55033,landmark,panel
STX1A,ENSG00000106089,417,6804,landmark,panel
CASP2,ENSG00000106144,418,835,landmark,panel
HSPB1,ENSG00000106211,419,3315,landmark,panel
ZKSCAN1,ENSG00000106261,420,7586,best inferred,rest
HYAL4,ENSG00000106302,421,23553,best inferred,rest
AIMP2,ENSG00000106305,422,7965,best inferred,rest
IMPDH1,ENSG00000106348,423,3614,best inferred,rest
LSM5,ENSG00000106355,424,23658,landmark,panel
SERPINE1,ENSG00000106366,425,5054,landmark,panel
PLOD3,ENSG00000106397,426,8985,landmark,panel
RPA3,ENSG00000106399,427,6119,landmark,panel
NRF1,ENSG00000106459,428,4899,best inferred,rest
EZH2,ENSG00000106462,429,2146,landmark,panel
MEST,ENSG00000106484,430,4232,landmark,panel
BLVRA,ENSG00000106605,431,644,landmark,panel
RHEB,ENSG00000106615,432,6009,landmark,panel
PRKAG2,ENSG00000106617,433,51422,landmark,panel
BCL7B,ENSG00000106635,434,9275,landmark,panel
YKT6,ENSG00000106636,435,10652,landmark,panel
C5,ENSG00000106804,436,727,landmark,panel
ASPN,ENSG00000106819,437,54829,best inferred,rest
DNM1,ENSG00000106976,438,1759,landmark,panel
AK1,ENSG00000106992,439,203,best inferred,rest
TBC1D13,ENSG00000107021,440,54662,best inferred,rest
NCS1,ENSG00000107130,441,23413,best inferred,rest
TESK1,ENSG00000107140,442,7016,landmark,panel
DDX58,ENSG00000107201,443,23586,best inferred,rest
NPDC1,ENSG00000107281,444,56654,landmark,panel
SH3GL2,ENSG00000107295,445,6456,best inferred,rest
SHB,ENSG00000107338,446,6461,landmark,panel
PDLIM1,ENSG00000107438,447,9124,landmark,panel
GATA3,ENSG00000107485,448,2625,landmark,panel
RAB11FIP2,ENSG00000107560,449,22841,landmark,panel
DDX50,ENSG00000107625,450,79009,best inferred,rest
NSMCE4A,ENSG00000107672,451,54780,best inferred,rest
PALD1,ENSG00000107719,452,,,rest
BMPR1A,ENSG00000107779,453,657,best inferred,rest
LIPA,ENSG00000107798,454,3988,landmark,panel
PITRM1,ENSG00000107959,455,10531,best inferred,rest
XPNPEP1,ENSG00000108039,456,7511,landmark,panel
SMC3,ENSG00000108055,457,9126,landmark,panel
ZMIZ1,ENSG00000108175,458,57178,landmark,panel
CASC3,ENSG00000108349,459,22794,landmark,panel
RAD51C,ENSG00000108384,460,5889,landmark,panel
RNF167,ENSG00000108523,461,26001,landmark,panel
CHRNE,ENSG00000108556,462,1145,inferred,rest
NUP88,ENSG00000108559,463,4927,landmark,panel
BLMH,ENSG00000108578,464,642,landmark,panel
DRG2,ENSG00000108591,465,1819,best inferred,rest
SMARCD2,ENSG00000108604,466,6603,landmark,panel
CYTH1,ENSG00000108669,467,9267,landmark,panel
CCL2,ENSG00000108691,468,6347,landmark,panel
CCL8,ENSG00000108700,469,6355,best inferred,rest
RAB5C,ENSG00000108774,470,5878,best inferred,rest
COL1A1,ENSG00000108821,471,1277,landmark,panel
VAT1,ENSG00000108828,472,10493,landmark,panel
DUSP3,ENSG00000108861,473,1845,landmark,panel
MMD,ENSG00000108960,474,23531,best inferred,rest
DPH1,ENSG00000108963,475,,,rest
SLC9A3R1,ENSG00000109062,476,9368,best inferred,rest
MYH3,ENSG00000109063,477,4621,inferred,rest
TMEM97,ENSG00000109084,478,27346,landmark,panel
ALDOC,ENSG00000109107,479,230,landmark,panel
DCUN1D4,ENSG00000109184,480,23142,landmark,panel
ODAM,ENSG00000109205,481,54959,inferred,rest
CHIC2,ENSG00000109220,482,26511,landmark,panel
NFKB1,ENSG00000109320,483,4790,best inferred,rest
AREG,ENSG00000109321,484,374,best inferred,rest
INPP4B,ENSG00000109452,485,8821,landmark,panel
GAB1,ENSG00000109458,486,2549,best inferred,rest
WFS1,ENSG00000109501,487,7466,landmark,panel
TRIM2,ENSG00000109654,488,23321,landmark,panel
MFSD10,ENSG00000109736,489,10227,landmark,panel
NCAPG,ENSG00000109805,490,64151,best inferred,rest
UGDH,ENSG00000109814,491,7358,landmark,panel
PPARGC1A,ENSG00000109819,492,10891,best inferred,rest
DDX25,ENSG00000109832,493,29118,best inferred,rest
CCDC34,ENSG00000109881,494,,,rest
HSPA8,ENSG00000109971,495,3312,landmark,panel
CPT1A,ENSG00000110090,496,1374,best inferred,rest
CCND1,ENSG00000110092,497,595,landmark,panel
CCDC86,ENSG00000110104,498,79080,landmark,panel
TMEM109,ENSG00000110108,499,79073,landmark,panel
BIRC2,ENSG00000110330,500,329,landmark,panel
PDHX,ENSG00000110435,501,8050,landmark,panel
PTPMT1,ENSG00000110536,502,,,rest
SLC35F2,ENSG00000110660,503,54733,landmark,panel
NUP98,ENSG00000110713,504,4928,best inferred,rest
PSMD9,ENSG00000110801,505,5715,landmark,panel
CAPRIN2,ENSG00000110888,506,65981,best inferred,rest
SLC11A2,ENSG00000110911,507,4891,landmark,panel
MLEC,ENSG00000110917,508,9761,landmark,panel
MVK,ENSG00000110921,509,4598,best inferred,rest
PPM1H,ENSG00000111110,510,57460,best inferred,rest
ITFG2,ENSG00000111203,511,,,rest
FOXM1,ENSG00000111206,512,2305,best inferred,rest
AKAP3,ENSG00000111254,513,10566,best inferred,rest
CDKN1B,ENSG00000111276,514,1027,landmark,panel
GPRC5D,ENSG00000111291,515,55507,inferred,rest
RFC5,ENSG00000111445,516,5985,landmark,panel
TIMELESS,ENSG00000111602,517,8914,landmark,panel
COPS7A,ENSG00000111652,518,50813,landmark,panel
ENO2,ENSG00000111674,519,2026,best inferred,rest
ATN1,ENSG00000111676,520,1822,best inferred,rest
PTPN6,ENSG00000111679,521,5777,landmark,panel
GOLT1B,ENSG00000111711,522,51026,landmark,panel
C2CD5,ENSG00000111731,523,9847,landmark,panel
RAB35,ENSG00000111737,524,11021,best inferred,rest
BTN3A3,ENSG00000111801,525,10384,best inferred,rest
RSPH4A,ENSG00000111834,526,,,rest
PPARD,ENSG00000112033,527,5467,landmark,panel
MCM3,ENSG00000112118,528,4172,landmark,panel
MDN1,ENSG00000112159,529,23195,best inferred,rest
ZNF451,ENSG00000112200,530,26036,landmark,panel
ASCC3,ENSG00000112249,531,10973,landmark,panel
GMNN,ENSG00000112312,532,51053,landmark,panel
SLC22A2,ENSG00000112499,533,6582,inferred,rest
CCND3,ENSG00000112576,534,896,landmark,panel
TBP,ENSG00000112592,535,6908,landmark,panel
PTK7,ENSG00000112655,536,5754,best inferred,rest
DNPH1,ENSG00000112667,537,10591,best inferred,rest
DUSP22,ENSG00000112679,538,56940,landmark,panel
EXOC2,ENSG00000112685,539,55770,best inferred,rest
SENP6,ENSG00000112701,540,26054,landmark,panel
TBX18,ENSG00000112837,541,,,rest
TENT4A,ENSG00000112941,542,11044,landmark,panel
GHR,ENSG00000112964,543,2690,landmark,panel
HMGCS1,ENSG00000112972,544,3157,landmark,panel
KIF20A,ENSG00000112984,545,10112,landmark,panel
NNT,ENSG00000112992,546,23530,landmark,panel
HMGCR,ENSG00000113161,547,3156,landmark,panel
GNPDA1,ENSG00000113552,548,10007,landmark,panel
SKP1,ENSG00000113558,549,6500,landmark,panel
NR3C1,ENSG00000113580,550,2908,landmark,panel
TCERG1,ENSG00000113649,551,10915,landmark,panel
CSNK1A1,ENSG00000113712,552,1452,landmark,panel
HMGXB3,ENSG00000113716,553,22993,best inferred,rest
SMC4,ENSG00000113810,554,10051,landmark,panel
PCCB,ENSG00000114054,555,5096,landmark,panel
RNF7,ENSG00000114125,556,9616,best inferred,rest
HES1,ENSG00000114315,557,3280,landmark,panel
GNAI2,ENSG00000114353,558,2771,landmark,panel
NPRL2,ENSG00000114388,559,10641,landmark,panel
CBLB,ENSG00000114423,560,868,landmark,panel
IQCG,ENSG00000114473,561,84223,best inferred,rest
UMPS,ENSG00000114491,562,7372,best inferred,rest
KIAA1257,ENSG00000114656,563,,,rest
MAPKAPK3,ENSG00000114738,564,7867,landmark,panel
ABCC5,ENSG00000114770,565,10057,landmark,panel
TNNC1,ENSG00000114854,566,7134,best inferred,rest
EIF4G1,ENSG00000114867,567,1981,landmark,panel
TTL,ENSG00000114999,568,,,rest
PIKFYVE,ENSG00000115020,569,200576,best inferred,rest
NCL,ENSG00000115053,570,4691,best inferred,rest
FN1,ENSG00000115414,571,2335,best inferred,rest
STAT1,ENSG00000115415,572,6772,landmark,panel
PAPOLG,ENSG00000115421,573,64895,best inferred,rest
PECR,ENSG00000115425,574,55825,landmark,panel
KCNJ13,ENSG00000115474,575,,,rest
TXNDC9,ENSG00000115514,576,10190,landmark,panel
ST3GAL5,ENSG00000115525,577,8869,landmark,panel
KDM3A,ENSG00000115548,578,55818,landmark,panel
IL1R1,ENSG00000115594,579,3554,best inferred,rest
FHL2,ENSG00000115641,580,2274,landmark,panel
ABCB6,ENSG00000115657,581,10058,landmark,panel
SLC5A7,ENSG00000115665,582,60482,inferred,rest
STK25,ENSG00000115694,583,10494,landmark,panel
ID2,ENSG00000115738,584,3398,landmark,panel
GORASP2,ENSG00000115806,585,26003,best inferred,rest
CEBPZ,ENSG00000115816,586,10153,landmark,panel
DARS,ENSG00000115866,587,1615,best inferred,rest
SLC1A4,ENSG00000115902,588,6509,landmark,panel
TRAK2,ENSG00000115993,589,66008,landmark,panel
PCYOX1,ENSG00000116005,590,51449,best inferred,rest
NFE2L2,ENSG00000116044,591,4780,landmark,panel
MSH6,ENSG00000116062,592,2956,landmark,panel
SPR,ENSG00000116096,593,6697,landmark,panel
BCL9,ENSG00000116128,594,607,best inferred,rest
GPX7,ENSG00000116157,595,2882,best inferred,rest
SCP2,ENSG00000116171,596,6342,landmark,panel
FAM20B,ENSG00000116199,597,9917,landmark,panel
ICMT,ENSG00000116237,598,23463,landmark,panel
OPRD1,ENSG00000116329,599,4985,inferred,rest
SRSF4,ENSG00000116350,600,6429,best inferred,rest
CAPZA1,ENSG00000116489,601,829,best inferred,rest
ARHGEF2,ENSG00000116584,602,9181,landmark,panel
PLA2G4A,ENSG00000116711,603,5321,landmark,panel
GADD45A,ENSG00000116717,604,1647,landmark,panel
RGS2,ENSG00000116741,605,5997,landmark,panel
CRYZ,ENSG00000116791,606,1429,landmark,panel
CD58,ENSG00000116815,607,965,landmark,panel
LGALS8,ENSG00000116977,608,3964,landmark,panel
AKT3,ENSG00000117020,609,10000,best inferred,rest
SDHB,ENSG00000117118,610,6390,landmark,panel
KDM5B,ENSG00000117139,611,10765,landmark,panel
GALE,ENSG00000117308,612,2582,landmark,panel
EBNA1BP2,ENSG00000117395,613,10969,landmark,panel
CDC20,ENSG00000117399,614,991,landmark,panel
IPO13,ENSG00000117408,615,9670,landmark,panel
ATP6V0B,ENSG00000117410,616,533,landmark,panel
PIK3R3,ENSG00000117461,617,8503,landmark,panel
FAAH,ENSG00000117480,618,2166,best inferred,rest
RCAN3,ENSG00000117602,619,11123,best inferred,rest
SLC35A3,ENSG00000117620,620,23443,landmark,panel
STMN1,ENSG00000117632,621,3925,landmark,panel
MAN1C1,ENSG00000117643,622,57134,best inferred,rest
DHDDS,ENSG00000117682,623,79947,landmark,panel
NENF,ENSG00000117691,624,29937,landmark,panel
RPA2,ENSG00000117748,625,6118,landmark,panel
OSBPL9,ENSG00000117859,626,114883,best inferred,rest
CTSD,ENSG00000117984,627,1509,landmark,panel
KIF14,ENSG00000118193,628,9928,landmark,panel
CAMSAP2,ENSG00000118200,629,23271,landmark,panel
ATF6,ENSG00000118217,630,22926,landmark,panel
CREB1,ENSG00000118260,631,1385,landmark,panel
RNF146,ENSG00000118518,632,81847,best inferred,rest
RXYLT1,ENSG00000118600,633,10329,landmark,panel
FOXO3,ENSG00000118689,634,2309,landmark,panel
SPP1,ENSG00000118785,635,6696,landmark,panel
ITGB1BP1,ENSG00000119185,636,9270,landmark,panel
CCDC92,ENSG00000119242,637,80212,landmark,panel
HEATR1,ENSG00000119285,638,55127,landmark,panel
RAD23B,ENSG00000119318,639,5887,best inferred,rest
CTNNAL1,ENSG00000119326,640,8727,landmark,panel
GLE1,ENSG00000119392,641,2733,best inferred,rest
CNTRL,ENSG00000119397,642,11064,best inferred,rest
ZBTB45,ENSG00000119574,643,,,rest
TGFB3,ENSG00000119699,644,7043,landmark,panel
SLIRP,ENSG00000119705,645,81892,best inferred,rest
SUPT7L,ENSG00000119760,646,9913,best inferred,rest
DNMT3A,ENSG00000119772,647,1788,landmark,panel
IDE,ENSG00000119912,648,3416,landmark,panel
SMNDC1,ENSG00000119953,649,10285,landmark,panel
MTHFD1L,ENSG00000120254,650,,,rest
PCMT1,ENSG00000120265,651,5110,landmark,panel
CENPL,ENSG00000120334,652,,,rest
GORAB,ENSG00000120370,653,,,rest
ACAT2,ENSG00000120437,654,39,landmark,panel
NUDCD1,ENSG00000120526,655,,,rest
DNAJC15,ENSG00000120675,656,29103,landmark,panel
UFM1,ENSG00000120686,657,51569,landmark,panel
SMAD9,ENSG00000120693,658,4093,best inferred,rest
EGR1,ENSG00000120738,659,1958,landmark,panel
PLS1,ENSG00000120756,660,5357,landmark,panel
NR2C1,ENSG00000120798,661,7181,best inferred,rest
MTERF2,ENSG00000120832,662,,,rest
SOCS2,ENSG00000120833,663,8835,landmark,panel
DUSP4,ENSG00000120875,664,1846,landmark,panel
SORBS3,ENSG00000120896,665,10174,landmark,panel
PTK2B,ENSG00000120899,666,2185,landmark,panel
NPPB,ENSG00000120937,667,4879,inferred,rest
LYPLA1,ENSG00000120992,668,10434,landmark,panel
TBX2,ENSG00000121068,669,6909,landmark,panel
SLC35B1,ENSG00000121073,670,10237,landmark,panel
CAT,ENSG00000121691,671,847,landmark,panel
ZMYM2,ENSG00000121741,672,7750,landmark,panel
PIK3CA,ENSG00000121879,673,5290,landmark,panel
PDS5A,ENSG00000121892,674,23244,landmark,panel
CXCR4,ENSG00000121966,675,7852,landmark,panel
ZRANB3,ENSG00000121988,676,,,rest
FYTTD1,ENSG00000122068,677,,,rest
TBX22,ENSG00000122145,678,,,rest
NAA60,ENSG00000122390,679,79903,inferred,rest
LRRC39,ENSG00000122477,680,,,rest
RWDD3,ENSG00000122481,681,25950,best inferred,rest
SLC66A2,ENSG00000122490,682,80148,best inferred,rest
BBS9,ENSG00000122507,683,27241,best inferred,rest
INHBA,ENSG00000122641,684,3624,best inferred,rest
DCAF10,ENSG00000122741,685,79269,best inferred,rest
CISD1,ENSG00000122873,686,55847,landmark,panel
ECD,ENSG00000122882,687,11319,landmark,panel
SSPN,ENSG00000123096,688,8082,best inferred,rest
ACOT9,ENSG00000123130,689,23597,landmark,panel
ADGRE5,ENSG00000123146,690,976,landmark,panel
WDR83,ENSG00000123154,691,,,rest
SPRYD7,ENSG00000123178,692,57213,best inferred,rest
ATF1,ENSG00000123268,693,466,landmark,panel
PDE1B,ENSG00000123360,694,5153,best inferred,rest
CDK2,ENSG00000123374,695,1017,landmark,panel
LRP1,ENSG00000123384,696,4035,best inferred,rest
SARDH,ENSG00000123453,697,1757,best inferred,rest
LPGAT1,ENSG00000123684,698,9926,landmark,panel
BATF3,ENSG00000123685,699,55509,best inferred,rest
PLA2G12A,ENSG00000123739,700,81579,best inferred,rest
NCOA3,ENSG00000124151,701,8202,landmark,panel
VAPB,ENSG00000124164,702,9217,landmark,panel
SRSF6,ENSG00000124193,703,6431,best inferred,rest
NEURL2,ENSG00000124257,704,,,rest
STAMBP,ENSG00000124356,705,10617,landmark,panel
USP22,ENSG00000124422,706,23326,landmark,panel
GRM4,ENSG00000124493,707,2914,inferred,rest
WRNIP1,ENSG00000124535,708,56897,inferred,rest
UNC5CL,ENSG00000124602,709,,,rest
HIST1H1A,ENSG00000124610,710,3024,inferred,rest
SPDEF,ENSG00000124664,711,25803,landmark,panel
CDKN1A,ENSG00000124762,712,1026,landmark,panel
SOX4,ENSG00000124766,713,6659,landmark,panel
SSR1,ENSG00000124783,714,6745,best inferred,rest
EFNB2,ENSG00000125266,715,1948,best inferred,rest
TM9SF2,ENSG00000125304,716,9375,landmark,panel
UPF3B,ENSG00000125351,717,65109,best inferred,rest
DMAC2L,ENSG00000125375,718,27109,landmark,panel
BMP4,ENSG00000125378,719,652,landmark,panel
MYH2,ENSG00000125414,720,4620,inferred,rest
NUP85,ENSG00000125450,721,79902,landmark,panel
MSTO1,ENSG00000125459,722,,,rest
C1orf61,ENSG00000125462,723,10485,best inferred,rest
KIR2DL1,ENSG00000125498,724,3802,inferred,rest
MBOAT7,ENSG00000125505,725,79143,landmark,panel
IL1B,ENSG00000125538,726,3553,landmark,panel
PAX8,ENSG00000125618,727,7849,landmark,panel
SNRPD2,ENSG00000125743,728,6633,best inferred,rest
RTN2,ENSG00000125744,729,6253,landmark,panel
EML2,ENSG00000125746,730,24139,best inferred,rest
TGM3,ENSG00000125780,731,7053,best inferred,rest
NKX2-4,ENSG00000125816,732,,,rest
PSMF1,ENSG00000125818,733,9491,landmark,panel
DSTN,ENSG00000125868,734,11034,best inferred,rest
BPIFB1,ENSG00000125999,735,,,rest
PLAGL2,ENSG00000126003,736,5326,best inferred,rest
UROD,ENSG00000126088,737,7389,best inferred,rest
FFAR2,ENSG00000126262,738,2867,inferred,rest
BECN1,ENSG00000126581,739,8678,landmark,panel
TRAP1,ENSG00000126602,740,10131,landmark,panel
TIMM17B,ENSG00000126768,741,10245,landmark,panel
KTN1,ENSG00000126777,742,3895,landmark,panel
PLEKHG3,ENSG00000126822,743,26030,best inferred,rest
MAP2K2,ENSG00000126934,744,5605,best inferred,rest
TRAF2,ENSG00000127191,745,7186,best inferred,rest
PIN1,ENSG00000127445,746,5300,landmark,panel
FBXL12,ENSG00000127452,747,54850,landmark,panel
OR7C1,ENSG00000127530,748,26664,inferred,rest
UQCR11,ENSG00000127540,749,10975,best inferred,rest
SYNGR3,ENSG00000127561,750,9143,landmark,panel
MACF1,ENSG00000127603,751,23499,landmark,panel
SMARCA4,ENSG00000127616,752,6597,landmark,panel
TICAM1,ENSG00000127666,753,148022,landmark,panel
AKAP9,ENSG00000127914,754,10142,best inferred,rest
SEM1,ENSG00000127922,755,7979,best inferred,rest
PTPN12,ENSG00000127947,756,5782,landmark,panel
POR,ENSG00000127948,757,5447,best inferred,rest
GNAI1,ENSG00000127955,758,2770,landmark,panel
ZFP36,ENSG00000128016,759,7538,landmark,panel
PAICS,ENSG00000128050,760,10606,landmark,panel
CDC42EP1,ENSG00000128283,761,11135,best inferred,rest
TPST2,ENSG00000128294,762,8459,best inferred,rest
RAC2,ENSG00000128340,763,5880,landmark,panel
DOCK4,ENSG00000128512,764,9732,best inferred,rest
CALU,ENSG00000128595,765,813,landmark,panel
CHN1,ENSG00000128656,766,1123,landmark,panel
OSGEPL1,ENSG00000128694,767,64172,best inferred,rest
HAT1,ENSG00000128708,768,8520,landmark,panel
CHAC1,ENSG00000128965,769,79094,landmark,panel
CLN6,ENSG00000128973,770,54982,best inferred,rest
ARPP19,ENSG00000128989,771,10776,landmark,panel
LOXL1,ENSG00000129038,772,4016,landmark,panel
PSMA1,ENSG00000129084,773,5682,best inferred,rest
DCTD,ENSG00000129187,774,1635,landmark,panel
TXNDC17,ENSG00000129235,775,,,rest
PHF20L1,ENSG00000129292,776,51105,best inferred,rest
ILF3,ENSG00000129351,777,3609,best inferred,rest
ADCY4,ENSG00000129467,778,,,rest
PARP2,ENSG00000129484,779,10038,landmark,panel
SNX6,ENSG00000129515,780,58533,landmark,panel
EAPP,ENSG00000129518,781,55837,landmark,panel
TEP1,ENSG00000129566,782,7011,best inferred,rest
REEP5,ENSG00000129625,783,7905,landmark,panel
ITFG1,ENSG00000129636,784,81533,landmark,panel
ART1,ENSG00000129744,785,417,inferred,rest
MAU2,ENSG00000129933,786,23383,best inferred,rest
STARD8,ENSG00000130052,787,9754,best inferred,rest
LDLR,ENSG00000130164,788,3949,best inferred,rest
CNN1,ENSG00000130176,789,1264,best inferred,rest
APOE,ENSG00000130203,790,348,landmark,panel
XPO7,ENSG00000130227,791,23039,landmark,panel
ACSBG2,ENSG00000130377,792,81616,inferred,rest
FCHO1,ENSG00000130475,793,23149,landmark,panel
JUND,ENSG00000130522,794,3727,best inferred,rest
OLFM1,ENSG00000130558,795,10439,best inferred,rest
PAK4,ENSG00000130669,796,10298,landmark,panel
TAF4,ENSG00000130699,797,6874,best inferred,rest
OSBPL2,ENSG00000130703,798,9885,best inferred,rest
DNMT1,ENSG00000130816,799,1786,landmark,panel
PKDREJ,ENSG00000130943,800,10343,inferred,rest
RGN,ENSG00000130988,801,9104,best inferred,rest
LILRB2,ENSG00000131042,802,10288,best inferred,rest
F12,ENSG00000131187,803,2161,best inferred,rest
PRR7,ENSG00000131188,804,80758,landmark,panel
SH3BP5,ENSG00000131370,805,9467,landmark,panel
TBC1D5,ENSG00000131374,806,9779,best inferred,rest
NR1H2,ENSG00000131408,807,7376,landmark,panel
ACLY,ENSG00000131473,808,47,landmark,panel
IL13RA1,ENSG00000131724,809,3597,landmark,panel
TOP2A,ENSG00000131747,810,7153,landmark,panel
STARD3,ENSG00000131748,811,10948,best inferred,rest
ZNF132,ENSG00000131849,812,7691,best inferred,rest
RHPN2,ENSG00000131941,813,,,rest
DNAJB1,ENSG00000132002,814,3337,landmark,panel
LRRC41,ENSG00000132128,815,10489,landmark,panel
PPARG,ENSG00000132170,816,5468,landmark,panel
ENOSF1,ENSG00000132199,817,55556,landmark,panel
ARFIP2,ENSG00000132254,818,23647,landmark,panel
RRP8,ENSG00000132275,819,23378,landmark,panel
RPA1,ENSG00000132383,820,6117,landmark,panel
MTSS2,ENSG00000132613,821,92154,best inferred,rest
SNAP25,ENSG00000132639,822,6616,landmark,panel
PCNA,ENSG00000132646,823,5111,landmark,panel
KHDC4,ENSG00000132680,824,22889,landmark,panel
HAPLN2,ENSG00000132702,825,60484,best inferred,rest
DPH2,ENSG00000132768,826,1802,landmark,panel
CASP9,ENSG00000132906,827,842,best inferred,rest
USPL1,ENSG00000132952,828,10208,best inferred,rest
CDK8,ENSG00000132964,829,1024,best inferred,rest
WASF3,ENSG00000132970,830,10810,landmark,panel
PIK3C2B,ENSG00000133056,831,5287,landmark,panel
CCNA1,ENSG00000133101,832,8900,landmark,panel
TRPC4,ENSG00000133107,833,7223,best inferred,rest
BEX2,ENSG00000133134,834,,,rest
TCEAL4,ENSG00000133142,835,79921,landmark,panel
EPHB2,ENSG00000133216,836,2048,landmark,panel
CNDP2,ENSG00000133313,837,55748,landmark,panel
MYH11,ENSG00000133392,838,4629,best inferred,rest
FOPNL,ENSG00000133393,839,,,rest
PDZD2,ENSG00000133401,840,23037,best inferred,rest
IMPA1,ENSG00000133731,841,3612,best inferred,rest
CCNB1,ENSG00000134057,842,891,landmark,panel
CDK7,ENSG00000134058,843,1022,landmark,panel
BHLHE40,ENSG00000134107,844,8553,landmark,panel
EDEM1,ENSG00000134109,845,9695,landmark,panel
EMC7,ENSG00000134153,846,56851,best inferred,rest
VAV3,ENSG00000134215,847,10451,landmark,panel
PSRC1,ENSG00000134222,848,84722,landmark,panel
ANO3,ENSG00000134343,849,63982,best inferred,rest
CCNH,ENSG00000134480,850,902,landmark,panel
TMEM241,ENSG00000134490,851,,,rest
DDB2,ENSG00000134574,852,1643,landmark,panel
CDCA8,ENSG00000134690,853,55143,best inferred,rest
DSG3,ENSG00000134757,854,1830,best inferred,rest
ERCC5,ENSG00000134899,855,2073,best inferred,rest
STT3A,ENSG00000134910,856,3703,best inferred,rest
ETS1,ENSG00000134954,857,2113,landmark,panel
CTSL,ENSG00000135047,858,1514,landmark,panel
CEMIP2,ENSG00000135048,859,23670,landmark,panel
FBXO21,ENSG00000135108,860,23014,landmark,panel
HRK,ENSG00000135116,861,8739,best inferred,rest
BICDL1,ENSG00000135127,862,92558,best inferred,rest
DMTF1,ENSG00000135164,863,9988,landmark,panel
TES,ENSG00000135269,864,26136,landmark,panel
MRAP2,ENSG00000135324,865,,,rest
PRPH,ENSG00000135406,866,5630,inferred,rest
AVIL,ENSG00000135407,867,10677,inferred,rest
GDF11,ENSG00000135414,868,10220,best inferred,rest
CDK4,ENSG00000135446,869,1019,landmark,panel
TFCP2,ENSG00000135457,870,7024,best inferred,rest
PAN2,ENSG00000135473,871,9924,landmark,panel
MAP7,ENSG00000135525,872,9053,landmark,panel
DYSF,ENSG00000135636,873,8291,best inferred,rest
KCNK1,ENSG00000135750,874,3775,landmark,panel
COG2,ENSG00000135775,875,22796,landmark,panel
USP37,ENSG00000135913,876,,,rest
DNAJB2,ENSG00000135924,877,3300,landmark,panel
CAB39,ENSG00000135932,878,51719,landmark,panel
REV1,ENSG00000135945,879,51455,best inferred,rest
C2orf49,ENSG00000135974,880,79074,best inferred,rest
PWP1,ENSG00000136045,881,11137,landmark,panel
WASHC4,ENSG00000136051,882,23325,landmark,panel
FLNB,ENSG00000136068,883,2317,best inferred,rest
TBC1D4,ENSG00000136111,884,9882,best inferred,rest
SCRN1,ENSG00000136193,885,9805,landmark,panel
KDELR2,ENSG00000136240,886,11014,landmark,panel
BZW2,ENSG00000136261,887,28969,landmark,panel
TTYH3,ENSG00000136295,888,,,rest
TTC5,ENSG00000136319,889,,,rest
NMT1,ENSG00000136448,890,4836,landmark,panel
SCN2A,ENSG00000136531,891,6326,inferred,rest
EPRS,ENSG00000136628,892,2058,landmark,panel
IL36B,ENSG00000136696,893,,,rest
YME1L1,ENSG00000136758,894,10730,landmark,panel
TOR1A,ENSG00000136827,895,1861,landmark,panel
STXBP1,ENSG00000136854,896,6812,landmark,panel
TLR4,ENSG00000136869,897,7099,landmark,panel
PRPF4,ENSG00000136875,898,9128,landmark,panel
FPGS,ENSG00000136877,899,2356,landmark,panel
USP20,ENSG00000136878,900,10868,best inferred,rest
TEX10,ENSG00000136891,901,54881,landmark,panel
MYC,ENSG00000136997,902,4609,landmark,panel
DENND4C,ENSG00000137145,903,55667,best inferred,rest
CNPY3,ENSG00000137161,904,10695,landmark,panel
PPIL1,ENSG00000137168,905,,,rest
ZSCAN9,ENSG00000137185,906,7746,best inferred,rest
TFAP2A,ENSG00000137203,907,7020,landmark,panel
TUBB2A,ENSG00000137267,908,7280,best inferred,rest
BPHL,ENSG00000137274,909,670,landmark,panel
IER3,ENSG00000137331,910,8870,landmark,panel
ARRB1,ENSG00000137486,911,408,best inferred,rest
SLCO2B1,ENSG00000137491,912,11309,best inferred,rest
PRCP,ENSG00000137509,913,5547,landmark,panel
SDCBP,ENSG00000137575,914,6386,best inferred,rest
SORL1,ENSG00000137642,915,6653,best inferred,rest
MMP20,ENSG00000137674,916,9313,inferred,rest
DCUN1D5,ENSG00000137692,917,,,rest
TRIM29,ENSG00000137699,918,23650,best inferred,rest
SLC37A4,ENSG00000137700,919,2542,landmark,panel
RDX,ENSG00000137710,920,5962,best inferred,rest
FXYD6,ENSG00000137726,921,53826,best inferred,rest
MAP2K5,ENSG00000137764,922,5607,landmark,panel
SQOR,ENSG00000137767,923,58472,landmark,panel
CTDSPL2,ENSG00000137770,924,,,rest
NUSAP1,ENSG00000137804,925,51203,landmark,panel
KIF23,ENSG00000137807,926,9493,best inferred,rest
PAK6,ENSG00000137843,927,56924,landmark,panel
ADAM10,ENSG00000137845,928,102,landmark,panel
SLC5A6,ENSG00000138074,929,8884,landmark,panel
FBXO11,ENSG00000138081,930,80204,landmark,panel
ANXA7,ENSG00000138279,931,310,landmark,panel
TET1,ENSG00000138336,932,,,rest
GUCA1C,ENSG00000138472,933,,,rest
SECISBP2L,ENSG00000138593,934,9728,best inferred,rest
HERC6,ENSG00000138642,935,55008,landmark,panel
PRDM5,ENSG00000138738,936,11107,best inferred,rest
CDKL2,ENSG00000138769,937,8999,best inferred,rest
CENPE,ENSG00000138778,938,1062,landmark,panel
HADH,ENSG00000138796,939,3033,landmark,panel
EGF,ENSG00000138798,940,1950,landmark,panel
MTTP,ENSG00000138823,941,4547,inferred,rest
LLPH,ENSG00000139233,942,84298,inferred,rest
DUSP6,ENSG00000139318,943,1848,landmark,panel
AMDHD1,ENSG00000139344,944,,,rest
TCHP,ENSG00000139437,945,,,rest
GALNT6,ENSG00000139629,946,11226,best inferred,rest
ZNF740,ENSG00000139651,947,,,rest
RB1,ENSG00000139687,948,5925,landmark,panel
RBM26,ENSG00000139746,949,64062,best inferred,rest
MBNL2,ENSG00000139793,950,10150,landmark,panel
REM2,ENSG00000139890,951,,,rest
KCNH5,ENSG00000140015,952,,,rest
GPR65,ENSG00000140030,953,8477,best inferred,rest
FAM181A,ENSG00000140067,954,,,rest
WDR20,ENSG00000140153,955,,,rest
BNIP2,ENSG00000140299,956,663,best inferred,rest
GTF2A2,ENSG00000140307,957,2958,landmark,panel
UBE2Q2,ENSG00000140367,958,,,rest
PSTPIP1,ENSG00000140368,959,9051,best inferred,rest
BCL2A1,ENSG00000140379,960,597,best inferred,rest
TSPAN3,ENSG00000140391,961,10099,landmark,panel
WDR61,ENSG00000140395,962,80349,landmark,panel
TPM1,ENSG00000140416,963,7168,landmark,panel
IGF1R,ENSG00000140443,964,3480,landmark,panel
NTRK3,ENSG00000140538,965,4916,best inferred,rest
DET1,ENSG00000140543,966,55070,best inferred,rest
IQGAP1,ENSG00000140575,967,8826,landmark,panel
PMM2,ENSG00000140650,968,5373,landmark,panel
PARN,ENSG00000140694,969,5073,best inferred,rest
TXNL4B,ENSG00000140830,970,54957,landmark,panel
NOL3,ENSG00000140939,971,8996,landmark,panel
MBTPS1,ENSG00000140943,972,8720,landmark,panel
OSGIN1,ENSG00000140961,973,29948,best inferred,rest
IRF8,ENSG00000140968,974,3394,best inferred,rest
RHOT2,ENSG00000140983,975,89941,best inferred,rest
PDPK1,ENSG00000140992,976,5170,best inferred,rest
OR4D1,ENSG00000141194,977,,,rest
VPS53,ENSG00000141252,978,55275,best inferred,rest
SPATA22,ENSG00000141255,979,,,rest
CLTC,ENSG00000141367,980,1213,landmark,panel
SLC39A6,ENSG00000141424,981,25800,best inferred,rest
PELP1,ENSG00000141456,982,27043,best inferred,rest
NPC1,ENSG00000141458,983,4864,landmark,panel
MINK1,ENSG00000141503,984,50488,best inferred,rest
SAT2,ENSG00000141504,985,,,rest
TP53,ENSG00000141510,986,7157,landmark,panel
PMAIP1,ENSG00000141682,987,5366,landmark,panel
ERBB2,ENSG00000141736,988,2064,landmark,panel
GRB7,ENSG00000141738,989,2886,landmark,panel
MVB12A,ENSG00000141971,990,,,rest
CCDC97,ENSG00000142039,991,,,rest
SIRT3,ENSG00000142082,992,23410,landmark,panel
IFNAR1,ENSG00000142166,993,3454,landmark,panel
APP,ENSG00000142192,994,351,landmark,panel
AKT1,ENSG00000142208,995,207,landmark,panel
PSMB6,ENSG00000142507,996,5694,best inferred,rest
NOSIP,ENSG00000142546,997,51070,landmark,panel
EPHA2,ENSG00000142627,998,1969,best inferred,rest
WDTC1,ENSG00000142784,999,23038,landmark,panel
KIF2C,ENSG00000142945,1000,11004,landmark,panel
PTPRF,ENSG00000142949,1001,5792,landmark,panel
MTF2,ENSG00000143033,1002,22823,landmark,panel
ATP1B1,ENSG00000143153,1003,481,landmark,panel
MPC2,ENSG00000143158,1004,25874,landmark,panel
CREG1,ENSG00000143162,1005,8804,landmark,panel
TMCO1,ENSG00000143183,1006,54499,landmark,panel
ILDR2,ENSG00000143195,1007,,,rest
MGST3,ENSG00000143198,1008,4259,best inferred,rest
COP1,ENSG00000143207,1009,,,rest
UFC1,ENSG00000143222,1010,51506,best inferred,rest
PPOX,ENSG00000143224,1011,5498,landmark,panel
PFDN2,ENSG00000143256,1012,5202,best inferred,rest
PIGM,ENSG00000143315,1013,,,rest
PRUNE1,ENSG00000143363,1014,58497,landmark,panel
SF3B4,ENSG00000143368,1015,10262,best inferred,rest
ADAMTSL4,ENSG00000143382,1016,54507,best inferred,rest
RFX5,ENSG00000143390,1017,5993,landmark,panel
MINDY1,ENSG00000143409,1018,55793,landmark,panel
OAZ3,ENSG00000143450,1019,51686,inferred,rest
DYRK3,ENSG00000143479,1020,8444,landmark,panel
DUSP10,ENSG00000143507,1021,11221,best inferred,rest
TP53BP2,ENSG00000143514,1022,7159,landmark,panel
SLC27A3,ENSG00000143554,1023,11000,landmark,panel
INTS3,ENSG00000143624,1024,65123,landmark,panel
SCCPDH,ENSG00000143653,1025,51097,landmark,panel
NVL,ENSG00000143748,1026,4931,landmark,panel
MBOAT2,ENSG00000143797,1027,129642,best inferred,rest
PARP1,ENSG00000143799,1028,142,landmark,panel
LBR,ENSG00000143815,1029,3930,landmark,panel
ZNF514,ENSG00000144026,1030,,,rest
NAT8,ENSG00000144035,1031,,,rest
SFXN5,ENSG00000144040,1032,,,rest
DUSP11,ENSG00000144048,1033,8446,landmark,panel
RALB,ENSG00000144118,1034,5899,landmark,panel
LIPT1,ENSG00000144182,1035,51601,inferred,rest
HSPD1,ENSG00000144381,1036,3329,landmark,panel
ACKR3,ENSG00000144476,1037,57007,best inferred,rest
VGLL4,ENSG00000144560,1038,9686,landmark,panel
TMF1,ENSG00000144747,1039,7110,best inferred,rest
ATG3,ENSG00000144848,1040,64422,landmark,panel
TRPC1,ENSG00000144935,1041,7220,best inferred,rest
TCTA,ENSG00000145022,1042,6988,landmark,panel
NICN1,ENSG00000145029,1043,,,rest
STXBP5L,ENSG00000145087,1044,9515,best inferred,rest
MUC4,ENSG00000145113,1045,4585,inferred,rest
ENOPH1,ENSG00000145293,1046,58478,landmark,panel
SNCA,ENSG00000145335,1047,6622,landmark,panel
CCNA2,ENSG00000145386,1048,890,landmark,panel
GLRA3,ENSG00000145451,1049,8001,inferred,rest
MYO10,ENSG00000145555,1050,4651,landmark,panel
SSBP2,ENSG00000145687,1051,23635,landmark,panel
RASA1,ENSG00000145715,1052,5921,landmark,panel
TNIP1,ENSG00000145901,1053,10318,landmark,panel
GFOD1,ENSG00000145990,1054,54438,landmark,panel
TNFRSF21,ENSG00000146072,1055,27242,landmark,panel
TTBK1,ENSG00000146216,1056,,,rest
NFKBIE,ENSG00000146232,1057,4794,landmark,panel
PM20D2,ENSG00000146281,1058,,,rest
SCML4,ENSG00000146285,1059,,,rest
TAAR2,ENSG00000146378,1060,9287,inferred,rest
WTAP,ENSG00000146457,1061,9589,best inferred,rest
VWDE,ENSG00000146530,1062,,,rest
EGFR,ENSG00000146648,1063,1956,landmark,panel
CDCA5,ENSG00000146670,1064,,,rest
IGFBP3,ENSG00000146674,1065,3486,landmark,panel
TLK2,ENSG00000146872,1066,11011,landmark,panel
LUC7L2,ENSG00000146963,1067,51631,best inferred,rest
CASK,ENSG00000147044,1068,8573,landmark,panel
EBP,ENSG00000147155,1069,10682,landmark,panel
IL2RG,ENSG00000147168,1070,3561,best inferred,rest
NSDHL,ENSG00000147383,1071,50814,landmark,panel
LRP12,ENSG00000147650,1072,29967,best inferred,rest
POLR2K,ENSG00000147669,1073,5440,landmark,panel
ZNF7,ENSG00000147789,1074,7553,best inferred,rest
CDKN2A,ENSG00000147889,1075,1029,landmark,panel
NTRK2,ENSG00000148053,1076,4915,best inferred,rest
ALAD,ENSG00000148218,1077,210,best inferred,rest
NOTCH1,ENSG00000148400,1078,4851,landmark,panel
USP6NL,ENSG00000148429,1079,9712,landmark,panel
RSU1,ENSG00000148484,1080,6251,landmark,panel
PARD3,ENSG00000148498,1081,56288,best inferred,rest
A1CF,ENSG00000148584,1082,29974,inferred,rest
POLR3A,ENSG00000148606,1083,,,rest
MKI67,ENSG00000148773,1084,4288,best inferred,rest
PAK1,ENSG00000149269,1085,5058,landmark,panel
HYOU1,ENSG00000149428,1086,10525,landmark,panel
EI24,ENSG00000149547,1087,9538,best inferred,rest
CHEK1,ENSG00000149554,1088,1111,landmark,panel
CDH22,ENSG00000149654,1089,64405,best inferred,rest
LSM14B,ENSG00000149657,1090,149986,best inferred,rest
YTHDF1,ENSG00000149658,1091,54915,landmark,panel
PLCB3,ENSG00000149782,1092,5331,landmark,panel
HMGA2,ENSG00000149948,1093,8091,landmark,panel
ARID5B,ENSG00000150347,1094,84159,landmark,panel
LATS2,ENSG00000150457,1095,,,rest
PDCD4,ENSG00000150593,1096,27250,best inferred,rest
CCDC83,ENSG00000150676,1097,,,rest
RGS18,ENSG00000150681,1098,,,rest
PRSS23,ENSG00000150687,1099,11098,landmark,panel
MTMR12,ENSG00000150712,1100,54545,best inferred,rest
PPP1R1C,ENSG00000150722,1101,,,rest
DOCK1,ENSG00000150760,1102,1793,best inferred,rest
DLAT,ENSG00000150768,1103,1737,best inferred,rest
UBE3B,ENSG00000151148,1104,89910,landmark,panel
EIF4E,ENSG00000151247,1105,1977,best inferred,rest
NUBPL,ENSG00000151413,1106,80224,best inferred,rest
INPP1,ENSG00000151689,1107,3628,landmark,panel
SLC25A4,ENSG00000151729,1108,291,landmark,panel
ZNF385D,ENSG00000151789,1109,79750,best inferred,rest
CCDC175,ENSG00000151838,1110,,,rest
PABPC3,ENSG00000151846,1111,5042,inferred,rest
PARP8,ENSG00000151883,1112,79668,best inferred,rest
BAG3,ENSG00000151929,1113,9531,landmark,panel
TMEM132D,ENSG00000151952,1114,,,rest
SPOCK1,ENSG00000152377,1115,6695,best inferred,rest
RPP38,ENSG00000152464,1116,10557,landmark,panel
PAN3,ENSG00000152520,1117,,,rest
PLEKHH2,ENSG00000152527,1118,,,rest
DMP1,ENSG00000152592,1119,1758,inferred,rest
MBNL1,ENSG00000152601,1120,4154,landmark,panel
ANKRD22,ENSG00000152766,1121,,,rest
PTPRK,ENSG00000152894,1122,5796,landmark,panel
MED21,ENSG00000152944,1123,9412,best inferred,rest
CAST,ENSG00000153113,1124,831,landmark,panel
CETN3,ENSG00000153140,1125,1070,landmark,panel
SMARCA5,ENSG00000153147,1126,8467,best inferred,rest
OR14K1,ENSG00000153230,1127,,,rest
PTPRR,ENSG00000153233,1128,5801,best inferred,rest
CD8A,ENSG00000153563,1129,925,best inferred,rest
RPIA,ENSG00000153574,1130,22934,landmark,panel
JAZF1,ENSG00000153814,1131,,,rest
MCOLN2,ENSG00000153898,1132,,,rest
HS2ST1,ENSG00000153936,1133,9653,landmark,panel
PPP2R5E,ENSG00000154001,1134,5529,landmark,panel
OTULIN,ENSG00000154124,1135,,,rest
TOMM70,ENSG00000154174,1136,9868,landmark,panel
ENPP3,ENSG00000154269,1137,,,rest
UCHL1,ENSG00000154277,1138,7345,best inferred,rest
DISP1,ENSG00000154309,1139,,,rest
C10orf90,ENSG00000154493,1140,,,rest
DIPK1A,ENSG00000154511,1141,388650,landmark,panel
SORBS2,ENSG00000154556,1142,8470,best inferred,rest
TSEN2,ENSG00000154743,1143,80746,landmark,panel
PIEZO2,ENSG00000154864,1144,63895,best inferred,rest
OTUD6B,ENSG00000155100,1145,,,rest
CDK19,ENSG00000155111,1146,23097,landmark,panel
NIFK,ENSG00000155438,1147,,,rest
OXA1L,ENSG00000155463,1148,5018,landmark,panel
ZKSCAN2,ENSG00000155592,1149,,,rest
FZD7,ENSG00000155760,1150,8324,landmark,panel
RNF20,ENSG00000155827,1151,,,rest
RRAGA,ENSG00000155876,1152,10670,landmark,panel
CLIC2,ENSG00000155962,1153,1193,best inferred,rest
PSD3,ENSG00000156011,1154,23362,best inferred,rest
DCK,ENSG00000156136,1155,1633,landmark,panel
ALX3,ENSG00000156150,1156,257,inferred,rest
TIAM1,ENSG00000156299,1157,7074,landmark,panel
SORCS3,ENSG00000156395,1158,22986,best inferred,rest
SFXN2,ENSG00000156398,1159,,,rest
SH3RF2,ENSG00000156463,1160,,,rest
MTERF3,ENSG00000156469,1161,51001,landmark,panel
SUPV3L1,ENSG00000156502,1162,6832,landmark,panel
HK1,ENSG00000156515,1163,3098,landmark,panel
UBE2L6,ENSG00000156587,1164,9246,landmark,panel
KAT6B,ENSG00000156650,1165,23522,landmark,panel
UTP14A,ENSG00000156697,1166,10813,landmark,panel
MAPK13,ENSG00000156711,1167,5603,landmark,panel
TBC1D31,ENSG00000156787,1168,93594,landmark,panel
PHKG2,ENSG00000156873,1169,5261,landmark,panel
SASS6,ENSG00000156876,1170,,,rest
BUB1B,ENSG00000156970,1171,701,landmark,panel
BRPF1,ENSG00000156983,1172,7862,best inferred,rest
TATDN2,ENSG00000157014,1173,9797,landmark,panel
RBPMS,ENSG00000157110,1174,11030,best inferred,rest
FZD1,ENSG00000157240,1175,8321,landmark,panel
CLEC18A,ENSG00000157322,1176,,,rest
IL34,ENSG00000157368,1177,,,rest
KIT,ENSG00000157404,1178,3815,landmark,panel
CACNA2D3,ENSG00000157445,1179,55799,best inferred,rest
CCNB2,ENSG00000157456,1180,9133,landmark,panel
TSC22D3,ENSG00000157514,1181,1831,landmark,panel
C2CD2,ENSG00000157617,1182,25966,landmark,panel
BRAF,ENSG00000157764,1183,673,best inferred,rest
ACAN,ENSG00000157766,1184,176,best inferred,rest
PANK4,ENSG00000157881,1185,55229,best inferred,rest
WIPI2,ENSG00000157954,1186,26100,best inferred,rest
KRTCAP3,ENSG00000157992,1187,,,rest
NCK1,ENSG00000158092,1188,4690,landmark,panel
RHPN1,ENSG00000158106,1189,,,rest
XDH,ENSG00000158125,1190,7498,best inferred,rest
FAIM,ENSG00000158234,1191,55179,landmark,panel
CUL4B,ENSG00000158290,1192,8450,best inferred,rest
GDPD5,ENSG00000158555,1193,81544,landmark,panel
NIT1,ENSG00000158793,1194,4817,landmark,panel
TOMM40L,ENSG00000158882,1195,,,rest
MIS18A,ENSG00000159055,1196,54069,best inferred,rest
LAD1,ENSG00000159166,1197,3898,best inferred,rest
CSRP1,ENSG00000159176,1198,1465,landmark,panel
CLIC6,ENSG00000159212,1199,,,rest
CBR1,ENSG00000159228,1200,873,landmark,panel
CBR3,ENSG00000159231,1201,874,landmark,panel
ADIPOR1,ENSG00000159346,1202,51094,best inferred,rest
PSMD4,ENSG00000159352,1203,5710,landmark,panel
STARD9,ENSG00000159433,1204,,,rest
EFCAB14,ENSG00000159658,1205,9813,landmark,panel
FAM131B,ENSG00000159784,1206,9715,best inferred,rest
PSKH1,ENSG00000159792,1207,5681,best inferred,rest
NPR2,ENSG00000159899,1208,4882,best inferred,rest
CALM3,ENSG00000160014,1209,808,landmark,panel
DFFA,ENSG00000160049,1210,1676,landmark,panel
NR2F6,ENSG00000160113,1211,2063,landmark,panel
TFF1,ENSG00000160182,1212,7031,inferred,rest
RRP1B,ENSG00000160208,1213,23076,landmark,panel
LRRC3,ENSG00000160233,1214,81543,inferred,rest
RALGDS,ENSG00000160271,1215,5900,landmark,panel
SLC2A6,ENSG00000160326,1216,11182,landmark,panel
LCN1,ENSG00000160349,1217,3933,inferred,rest
HIPK4,ENSG00000160396,1218,,,rest
SHKBP1,ENSG00000160410,1219,,,rest
ZDHHC12,ENSG00000160446,1220,,,rest
PKN3,ENSG00000160447,1221,,,rest
DEDD2,ENSG00000160570,1222,,,rest
SHC1,ENSG00000160691,1223,6464,landmark,panel
ANO10,ENSG00000160746,1224,55129,landmark,panel
PMF1,ENSG00000160783,1225,11243,best inferred,rest
UBQLN4,ENSG00000160803,1226,56893,inferred,rest
FGFR4,ENSG00000160867,1227,2264,landmark,panel
CYP3A7,ENSG00000160870,1228,1551,inferred,rest
CPSF4,ENSG00000160917,1229,10898,landmark,panel
VPS28,ENSG00000160948,1230,51160,landmark,panel
ZNF333,ENSG00000160961,1231,,,rest
SQSTM1,ENSG00000161011,1232,8878,landmark,panel
FBXL13,ENSG00000161040,1233,,,rest
ABCF3,ENSG00000161204,1234,55324,landmark,panel
BDH1,ENSG00000161267,1235,622,landmark,panel
SENP3,ENSG00000161956,1236,26168,best inferred,rest
CCNF,ENSG00000162063,1237,899,landmark,panel
AMDHD2,ENSG00000162066,1238,51005,landmark,panel
NEU3,ENSG00000162139,1239,10825,best inferred,rest
CYB561A3,ENSG00000162144,1240,,,rest
USP24,ENSG00000162402,1241,23358,best inferred,rest
NOL9,ENSG00000162408,1242,79707,best inferred,rest
KLHL21,ENSG00000162413,1243,9903,landmark,panel
KIAA1522,ENSG00000162522,1244,,,rest
SCNN1D,ENSG00000162572,1245,6339,best inferred,rest
MEGF6,ENSG00000162591,1246,1953,best inferred,rest
USP1,ENSG00000162607,1247,7398,landmark,panel
SNX7,ENSG00000162627,1248,51375,landmark,panel
BRINP3,ENSG00000162670,1249,339479,best inferred,rest
AGL,ENSG00000162688,1250,178,landmark,panel
FAM71A,ENSG00000162771,1251,,,rest
ATF3,ENSG00000162772,1252,467,best inferred,rest
DENND2D,ENSG00000162777,1253,79961,landmark,panel
MAPKAPK2,ENSG00000162889,1254,9261,landmark,panel
FCAMR,ENSG00000162897,1255,,,rest
TYW5,ENSG00000162971,1256,,,rest
LRATD1,ENSG00000162981,1257,,,rest
ACTG2,ENSG00000163017,1258,72,best inferred,rest
COQ8A,ENSG00000163050,1259,56997,landmark,panel
SGCB,ENSG00000163069,1260,6443,landmark,panel
TNFAIP8L2,ENSG00000163154,1261,,,rest
VPS72,ENSG00000163159,1262,6944,landmark,panel
SMCP,ENSG00000163206,1263,4184,inferred,rest
DCAF16,ENSG00000163257,1264,54876,best inferred,rest
C1orf189,ENSG00000163263,1265,,,rest
GPR155,ENSG00000163328,1266,,,rest
SLC15A2,ENSG00000163406,1267,6565,best inferred,rest
ARPC2,ENSG00000163466,1268,10109,best inferred,rest
RNF25,ENSG00000163481,1269,64320,best inferred,rest
ADORA1,ENSG00000163485,1270,134,best inferred,rest
TGFBR2,ENSG00000163513,1271,7048,landmark,panel
ANKZF1,ENSG00000163516,1272,55139,best inferred,rest
FBLN2,ENSG00000163520,1273,2199,best inferred,rest
EIF5A2,ENSG00000163577,1274,56648,best inferred,rest
GTPBP8,ENSG00000163607,1275,29083,landmark,panel
CDS1,ENSG00000163624,1276,1040,best inferred,rest
TIPARP,ENSG00000163659,1277,25976,landmark,panel
SLMAP,ENSG00000163681,1278,,,rest
ABHD6,ENSG00000163686,1279,57406,landmark,panel
RBM47,ENSG00000163694,1280,54502,best inferred,rest
APBB2,ENSG00000163697,1281,323,landmark,panel
IL17RC,ENSG00000163702,1282,84818,best inferred,rest
CXCL3,ENSG00000163734,1283,2921,best inferred,rest
CPA3,ENSG00000163751,1284,1359,best inferred,rest
TOPBP1,ENSG00000163781,1285,11073,landmark,panel
KIF15,ENSG00000163808,1286,56992,best inferred,rest
WDR43,ENSG00000163811,1287,23160,best inferred,rest
SLC6A20,ENSG00000163817,1288,54716,inferred,rest
DTX3L,ENSG00000163840,1289,,,rest
YEATS2,ENSG00000163872,1290,55689,best inferred,rest
GRIK3,ENSG00000163873,1291,2899,inferred,rest
ZC3H12A,ENSG00000163874,1292,80149,best inferred,rest
KLF15,ENSG00000163884,1293,28999,inferred,rest
RPN1,ENSG00000163902,1294,6184,landmark,panel
PRKCD,ENSG00000163932,1295,5580,landmark,panel
GNL3,ENSG00000163938,1296,26354,best inferred,rest
LRPAP1,ENSG00000163956,1297,4043,landmark,panel
ZNF691,ENSG00000164011,1298,,,rest
PGRMC2,ENSG00000164040,1299,10424,best inferred,rest
CDC25A,ENSG00000164045,1300,993,landmark,panel
CAMP,ENSG00000164047,1301,820,best inferred,rest
ZNF589,ENSG00000164048,1302,51385,landmark,panel
DUSP7,ENSG00000164086,1303,1849,best inferred,rest
OTUD4,ENSG00000164164,1304,54726,best inferred,rest
LSM6,ENSG00000164167,1305,11157,landmark,panel
SLC25A46,ENSG00000164209,1306,91137,landmark,panel
CASP3,ENSG00000164305,1307,836,landmark,panel
CMYA5,ENSG00000164309,1308,,,rest
TERT,ENSG00000164362,1309,7015,landmark,panel
LEAP2,ENSG00000164406,1310,,,rest
SLC35A1,ENSG00000164414,1311,10559,landmark,panel
TXLNB,ENSG00000164440,1312,,,rest
CREBRF,ENSG00000164463,1313,,,rest
RAET1E,ENSG00000164520,1314,,,rest
COG5,ENSG00000164597,1315,10466,best inferred,rest
KIF6,ENSG00000164627,1316,,,rest
TEX47,ENSG00000164645,1317,,,rest
GPER1,ENSG00000164850,1318,2852,landmark,panel
NOS3,ENSG00000164867,1319,4846,landmark,panel
SLC4A2,ENSG00000164889,1320,6522,best inferred,rest
GBX1,ENSG00000164900,1321,2636,inferred,rest
ALDH7A1,ENSG00000164904,1322,501,landmark,panel
FZD6,ENSG00000164930,1323,8323,best inferred,rest
WASHC5,ENSG00000164961,1324,9897,landmark,panel
RPP25L,ENSG00000164967,1325,,,rest
PSIP1,ENSG00000164985,1326,11168,landmark,panel
SYK,ENSG00000165025,1327,6850,landmark,panel
ABCA1,ENSG00000165029,1328,19,best inferred,rest
NFIL3,ENSG00000165030,1329,4783,landmark,panel
ZMAT4,ENSG00000165061,1330,79698,best inferred,rest
KIF27,ENSG00000165115,1331,,,rest
DYNLT3,ENSG00000165169,1332,6990,landmark,panel
KIAA1958,ENSG00000165185,1333,,,rest
STOML2,ENSG00000165283,1334,30968,best inferred,rest
BRWD3,ENSG00000165288,1335,,,rest
MELK,ENSG00000165304,1336,9833,landmark,panel
CLDN2,ENSG00000165376,1337,,,rest
WRN,ENSG00000165392,1338,7486,best inferred,rest
INPPL1,ENSG00000165458,1339,3636,best inferred,rest
CRYL1,ENSG00000165475,1340,51084,best inferred,rest
KLHDC2,ENSG00000165516,1341,23588,landmark,panel
VSTM4,ENSG00000165633,1342,196740,best inferred,rest
HPRT1,ENSG00000165704,1343,3251,landmark,panel
PIP4P1,ENSG00000165782,1344,,,rest
CASP7,ENSG00000165806,1345,840,landmark,panel
ZFYVE1,ENSG00000165861,1346,,,rest
PACSIN3,ENSG00000165912,1347,29763,landmark,panel
HTRA1,ENSG00000166033,1348,5654,landmark,panel
CEP57,ENSG00000166037,1349,9702,landmark,panel
IL25,ENSG00000166090,1350,64806,inferred,rest
TRMT61A,ENSG00000166166,1351,115708,best inferred,rest
NOLC1,ENSG00000166197,1352,9221,landmark,panel
FRS2,ENSG00000166225,1353,10818,landmark,panel
PCBD1,ENSG00000166228,1354,5092,landmark,panel
ILK,ENSG00000166333,1355,3611,landmark,panel
ATP9B,ENSG00000166377,1356,374868,inferred,rest
CYB5R2,ENSG00000166394,1357,51700,best inferred,rest
KIAA0355,ENSG00000166398,1358,9710,landmark,panel
TRIM66,ENSG00000166436,1359,9866,best inferred,rest
ATMIN,ENSG00000166454,1360,23300,landmark,panel
C16orf46,ENSG00000166455,1361,,,rest
HDGFL3,ENSG00000166503,1362,50810,landmark,panel
CFAP52,ENSG00000166596,1363,,,rest
BLCAP,ENSG00000166619,1364,10904,landmark,panel
PLEKHA7,ENSG00000166689,1365,,,rest
CATSPER2,ENSG00000166762,1366,,,rest
PLIN1,ENSG00000166819,1367,5346,best inferred,rest
PEX11A,ENSG00000166821,1368,8800,landmark,panel
TERF2IP,ENSG00000166848,1369,54386,landmark,panel
PLK1,ENSG00000166851,1370,5347,landmark,panel
CLPX,ENSG00000166855,1371,10845,landmark,panel
SMAD3,ENSG00000166949,1372,4088,landmark,panel
PRR15L,ENSG00000167183,1373,79170,landmark,panel
CRK,ENSG00000167193,1374,1398,landmark,panel
CA4,ENSG00000167434,1375,762,best inferred,rest
GATAD2A,ENSG00000167491,1376,54815,best inferred,rest
DHRS13,ENSG00000167536,1377,,,rest
CORO6,ENSG00000167549,1378,,,rest
TUBA1C,ENSG00000167553,1379,84790,inferred,rest
GPD1,ENSG00000167588,1380,2819,best inferred,rest
CYP2S1,ENSG00000167600,1381,,,rest
LENG8,ENSG00000167615,1382,,,rest
TRAPPC9,ENSG00000167632,1383,83696,best inferred,rest
DNAAF3,ENSG00000167646,1384,,,rest
TMIGD2,ENSG00000167664,1385,,,rest
TLCD3A,ENSG00000167695,1386,79850,landmark,panel
GLOD4,ENSG00000167699,1387,51031,landmark,panel
TSR1,ENSG00000167721,1388,55720,best inferred,rest
TRPV3,ENSG00000167723,1389,,,rest
ANGPTL4,ENSG00000167772,1390,51129,best inferred,rest
CD320,ENSG00000167775,1391,51293,landmark,panel
HID1,ENSG00000167861,1392,,,rest
KCTD5,ENSG00000167977,1393,54442,landmark,panel
TRANK1,ENSG00000168016,1394,9881,best inferred,rest
CTNNB1,ENSG00000168036,1395,1499,best inferred,rest
MAJIN,ENSG00000168070,1396,,,rest
PBK,ENSG00000168078,1397,55872,best inferred,rest
RAB4A,ENSG00000168118,1398,5867,landmark,panel
MAPK1IP1L,ENSG00000168175,1399,93487,landmark,panel
DDIT4,ENSG00000168209,1400,54541,landmark,panel
NT5DC2,ENSG00000168268,1401,64943,landmark,panel
KIF5C,ENSG00000168280,1402,3800,landmark,panel
THAP11,ENSG00000168286,1403,57215,landmark,panel
KCTD6,ENSG00000168301,1404,,,rest
XIRP1,ENSG00000168334,1405,,,rest
ARF4,ENSG00000168374,1406,378,best inferred,rest
MLKL,ENSG00000168404,1407,,,rest
COG7,ENSG00000168434,1408,91949,landmark,panel
RAB31,ENSG00000168461,1409,11031,landmark,panel
GBX2,ENSG00000168505,1410,2637,best inferred,rest
TMEM223,ENSG00000168569,1411,79064,best inferred,rest
STAT3,ENSG00000168610,1412,6774,landmark,panel
PKIG,ENSG00000168734,1413,11142,landmark,panel
TET2,ENSG00000168769,1414,,,rest
TSPAN5,ENSG00000168785,1415,10098,best inferred,rest
MAT2A,ENSG00000168906,1416,4144,landmark,panel
PPIC,ENSG00000168938,1417,5480,landmark,panel
STXBP6,ENSG00000168952,1418,29091,best inferred,rest
ATF5,ENSG00000169136,1419,22809,landmark,panel
NSMCE1,ENSG00000169189,1420,,,rest
RGS14,ENSG00000169220,1421,10636,best inferred,rest
TBC1D10B,ENSG00000169221,1422,26000,best inferred,rest
ADRB2,ENSG00000169252,1423,154,landmark,panel
STK32A,ENSG00000169302,1424,,,rest
ELSPBP1,ENSG00000169393,1425,64100,best inferred,rest
PTK2,ENSG00000169398,1426,5747,landmark,panel
CLIC4,ENSG00000169504,1427,25932,landmark,panel
DTWD2,ENSG00000169570,1428,,,rest
VPREB1,ENSG00000169575,1429,7441,inferred,rest
INO80E,ENSG00000169592,1430,,,rest
DFFB,ENSG00000169598,1431,1677,landmark,panel
DUS1L,ENSG00000169718,1432,64118,best inferred,rest
RFNG,ENSG00000169733,1433,5986,landmark,panel
ROBO1,ENSG00000169855,1434,6091,best inferred,rest
NANP,ENSG00000170191,1435,,,rest
FAXDC2,ENSG00000170271,1436,10826,best inferred,rest
CRTAP,ENSG00000170275,1437,10491,landmark,panel
STX8,ENSG00000170310,1438,9482,best inferred,rest
CDK1,ENSG00000170312,1439,983,landmark,panel
FOS,ENSG00000170345,1440,2353,landmark,panel
TMED10,ENSG00000170348,1441,10972,landmark,panel
SEMA3E,ENSG00000170381,1442,9723,inferred,rest
NUDT9,ENSG00000170502,1443,53343,landmark,panel
ELOVL6,ENSG00000170522,1444,79071,landmark,panel
HSPA4,ENSG00000170606,1445,3308,landmark,panel
HOXB9,ENSG00000170689,1446,3219,best inferred,rest
CDCA4,ENSG00000170779,1447,55038,landmark,panel
LMOD2,ENSG00000170807,1448,,,rest
TRIAP1,ENSG00000170855,1449,51499,best inferred,rest
KIAA0232,ENSG00000170871,1450,9778,best inferred,rest
OR7G2,ENSG00000170923,1451,,,rest
FEZ2,ENSG00000171055,1452,9637,landmark,panel
RLN3,ENSG00000171136,1453,,,rest
RBKS,ENSG00000171174,1454,64080,landmark,panel
GRIK1,ENSG00000171189,1455,2897,best inferred,rest
SMR3B,ENSG00000171201,1456,10879,inferred,rest
CSN3,ENSG00000171209,1457,1448,inferred,rest
SCAND1,ENSG00000171222,1458,51282,landmark,panel
SHCBP1,ENSG00000171241,1459,79801,best inferred,rest
GAA,ENSG00000171298,1460,2548,landmark,panel
CANT1,ENSG00000171302,1461,124583,landmark,panel
PGAM1,ENSG00000171314,1462,5223,landmark,panel
POLR1C,ENSG00000171453,1463,9533,landmark,panel
ZNF318,ENSG00000171467,1464,24149,landmark,panel
WIPF2,ENSG00000171475,1465,147179,landmark,panel
NLRP5,ENSG00000171487,1466,,,rest
CLSTN1,ENSG00000171603,1467,22883,landmark,panel
ZNF274,ENSG00000171606,1468,10782,landmark,panel
ZIK1,ENSG00000171649,1469,,,rest
TCEA2,ENSG00000171703,1470,6919,landmark,panel
GATM,ENSG00000171766,1471,2628,best inferred,rest
NXNL1,ENSG00000171773,1472,,,rest
BCL2,ENSG00000171791,1473,596,landmark,panel
METTL18,ENSG00000171806,1474,92342,best inferred,rest
FAM90A1,ENSG00000171847,1475,55138,inferred,rest
KLF17,ENSG00000171872,1476,,,rest
ATPAF2,ENSG00000171953,1477,91647,best inferred,rest
MAL,ENSG00000172005,1478,4118,best inferred,rest
RAB33B,ENSG00000172007,1479,83452,best inferred,rest
NME6,ENSG00000172113,1480,10201,best inferred,rest
CYCS,ENSG00000172115,1481,54205,landmark,panel
SNTB1,ENSG00000172164,1482,6641,best inferred,rest
MALT1,ENSG00000172175,1483,10892,landmark,panel
ZNF131,ENSG00000172262,1484,7690,landmark,panel
OR5A2,ENSG00000172324,1485,,,rest
C2CD2L,ENSG00000172375,1486,9854,landmark,panel
ARNT2,ENSG00000172379,1487,9915,landmark,panel
RSPH9,ENSG00000172426,1488,,,rest
OR9G4,ENSG00000172457,1489,,,rest
RAD9A,ENSG00000172613,1490,5883,landmark,panel
NAA16,ENSG00000172766,1491,79612,best inferred,rest
OR10W1,ENSG00000172772,1492,,,rest
KRT2,ENSG00000172867,1493,3849,best inferred,rest
OXSR1,ENSG00000172939,1494,9943,landmark,panel
RXFP4,ENSG00000173080,1495,,,rest
PARP15,ENSG00000173200,1496,,,rest
TUBB8P12,ENSG00000173213,1497,,,rest
GLRX,ENSG00000173221,1498,2745,landmark,panel
SYT12,ENSG00000173227,1499,91683,inferred,rest
DMRT2,ENSG00000173253,1500,,,rest
TRIB1,ENSG00000173334,1501,10221,landmark,panel
DAG1,ENSG00000173402,1502,1605,landmark,panel
DAB1,ENSG00000173406,1503,1600,inferred,rest
ZNRD2,ENSG00000173465,1504,10534,best inferred,rest
SMARCC1,ENSG00000173473,1505,6599,landmark,panel
NABP1,ENSG00000173559,1506,64859,best inferred,rest
SCAI,ENSG00000173611,1507,286205,inferred,rest
C11orf80,ENSG00000173715,1508,79703,best inferred,rest
STAT5B,ENSG00000173757,1509,6777,landmark,panel
NET1,ENSG00000173848,1510,10276,landmark,panel
PHC3,ENSG00000173889,1511,80012,best inferred,rest
GOLIM4,ENSG00000173905,1512,27333,best inferred,rest
TLR10,ENSG00000174123,1513,,,rest
FAM53A,ENSG00000174137,1514,,,rest
DDX23,ENSG00000174243,1515,9416,best inferred,rest
GOLGA6L2,ENSG00000174450,1516,,,rest
IGDCC3,ENSG00000174498,1517,,,rest
AKIRIN1,ENSG00000174574,1518,79647,best inferred,rest
BRSK2,ENSG00000174672,1519,9024,best inferred,rest
B4GAT1,ENSG00000174684,1520,11041,landmark,panel
GLMN,ENSG00000174842,1521,11146,best inferred,rest
KCTD13,ENSG00000174943,1522,253980,best inferred,rest
FUT1,ENSG00000174951,1523,2523,landmark,panel
ZIC4,ENSG00000174963,1524,84107,inferred,rest
SLC22A1,ENSG00000175003,1525,6580,inferred,rest
CHST2,ENSG00000175040,1526,9435,best inferred,rest
UBE2C,ENSG00000175063,1527,11065,landmark,panel
VCPIP1,ENSG00000175073,1528,80124,best inferred,rest
SPSB4,ENSG00000175093,1529,,,rest
PSMD2,ENSG00000175166,1530,5708,landmark,panel
FAM131A,ENSG00000175182,1531,131408,best inferred,rest
PCCA,ENSG00000175198,1532,5095,best inferred,rest
ARHGAP1,ENSG00000175220,1533,392,landmark,panel
CCNE2,ENSG00000175305,1534,9134,landmark,panel
ZNF25,ENSG00000175395,1535,,,rest
CLTB,ENSG00000175416,1536,1212,landmark,panel
TBC1D10C,ENSG00000175463,1537,,,rest
POLD4,ENSG00000175482,1538,57804,landmark,panel
DRAP1,ENSG00000175550,1539,10589,landmark,panel
FOSL1,ENSG00000175592,1540,8061,landmark,panel
CCDC85B,ENSG00000175602,1541,11007,landmark,panel
RUVBL1,ENSG00000175792,1542,8607,landmark,panel
SFN,ENSG00000175793,1543,2810,landmark,panel
MSRA,ENSG00000175806,1544,4482,landmark,panel
SWI5,ENSG00000175854,1545,,,rest
PLEKHD1,ENSG00000175985,1546,,,rest
TUBB6,ENSG00000176014,1547,84617,landmark,panel
CHMP6,ENSG00000176108,1548,79643,landmark,panel
OR11H4,ENSG00000176198,1549,,,rest
ZNF404,ENSG00000176222,1550,,,rest
ZNF575,ENSG00000176472,1551,,,rest
CCDC121,ENSG00000176714,1552,79635,best inferred,rest
CDK5R1,ENSG00000176749,1553,8851,landmark,panel
OR52E2,ENSG00000176787,1554,,,rest
OR51G2,ENSG00000176893,1555,,,rest
PXMP2,ENSG00000176894,1556,5827,landmark,panel
TCIM,ENSG00000176907,1557,56892,best inferred,rest
FIBIN,ENSG00000176971,1558,,,rest
SEC24C,ENSG00000176986,1559,9632,best inferred,rest
CLVS1,ENSG00000177182,1560,,,rest
TIMM22,ENSG00000177370,1561,29928,landmark,panel
ZBTB33,ENSG00000177485,1562,10009,best inferred,rest
OR2G2,ENSG00000177489,1563,,,rest
ZBED2,ENSG00000177494,1564,79413,best inferred,rest
FAM187B,ENSG00000177558,1565,,,rest
JUN,ENSG00000177606,1566,3725,landmark,panel
IL17RA,ENSG00000177663,1567,23765,best inferred,rest
DNAJC28,ENSG00000177692,1568,54943,best inferred,rest
SLC35G5,ENSG00000177710,1569,,,rest
ZNF619,ENSG00000177873,1570,,,rest
CCDC184,ENSG00000177875,1571,,,rest
ALS2CL,ENSG00000178038,1572,259173,best inferred,rest
MLF1,ENSG00000178053,1573,4291,best inferred,rest
STAP2,ENSG00000178078,1574,55620,landmark,panel
DDX10,ENSG00000178105,1575,1662,landmark,panel
LCORL,ENSG00000178177,1576,,,rest
GALNT11,ENSG00000178234,1577,63917,best inferred,rest
NEUROG2,ENSG00000178403,1578,63973,inferred,rest
P4HTM,ENSG00000178467,1579,54681,landmark,panel
UCN3,ENSG00000178473,1580,,,rest
SUZ12,ENSG00000178691,1581,23512,landmark,panel
GP5,ENSG00000178732,1582,2814,best inferred,rest
EXOSC4,ENSG00000178896,1583,54512,landmark,panel
CYBC1,ENSG00000178927,1584,79415,best inferred,rest
AURKB,ENSG00000178999,1585,9212,landmark,panel
RRS1,ENSG00000179041,1586,23212,landmark,panel
CYP11B2,ENSG00000179142,1587,1585,inferred,rest
GATA2,ENSG00000179348,1588,2624,landmark,panel
MROH1,ENSG00000179832,1589,,,rest
SERTAD2,ENSG00000179833,1590,9792,best inferred,rest
NKPD1,ENSG00000179846,1591,,,rest
ZNF648,ENSG00000179930,1592,,,rest
CCR8,ENSG00000179934,1593,1237,inferred,rest
PUF60,ENSG00000179950,1594,22827,landmark,panel
SOCS4,ENSG00000180008,1595,,,rest
C3orf80,ENSG00000180044,1596,,,rest
WFDC11,ENSG00000180083,1597,,,rest
MEIOC,ENSG00000180336,1598,,,rest
C11orf71,ENSG00000180425,1599,54494,inferred,rest
NRIP1,ENSG00000180530,1600,8204,landmark,panel
FUT7,ENSG00000180549,1601,2529,inferred,rest
YOD1,ENSG00000180667,1602,55432,best inferred,rest
GPR157,ENSG00000180758,1603,80045,best inferred,rest
MAP6D1,ENSG00000180834,1604,79929,best inferred,rest
GPR62,ENSG00000180929,1605,,,rest
ADIPOQ,ENSG00000181092,1606,9370,best inferred,rest
SLC25A41,ENSG00000181240,1607,,,rest
DDN,ENSG00000181418,1608,23109,best inferred,rest
SOX2,ENSG00000181449,1609,6657,landmark,panel
TMEM45A,ENSG00000181458,1610,55076,best inferred,rest
EDDM3A,ENSG00000181562,1611,10876,inferred,rest
COPG1,ENSG00000181789,1612,22820,best inferred,rest
ADO,ENSG00000181915,1613,84890,landmark,panel
CCDC149,ENSG00000181982,1614,,,rest
GET1,ENSG00000182093,1615,7485,landmark,panel
FAM181B,ENSG00000182103,1616,,,rest
ZNF716,ENSG00000182111,1617,,,rest
ASB18,ENSG00000182177,1618,,,rest
EXT1,ENSG00000182197,1619,2131,landmark,panel
SHMT2,ENSG00000182199,1620,6472,best inferred,rest
BACE2,ENSG00000182240,1621,25825,landmark,panel
C1S,ENSG00000182326,1622,716,best inferred,rest
TRAPPC6B,ENSG00000182400,1623,,,rest
BGN,ENSG00000182492,1624,633,best inferred,rest
MFSD5,ENSG00000182544,1625,84975,best inferred,rest
ADI1,ENSG00000182551,1626,55256,landmark,panel
SATB1,ENSG00000182568,1627,6304,landmark,panel
TSKU,ENSG00000182704,1628,25987,landmark,panel
NGRN,ENSG00000182768,1629,51335,landmark,panel
ACBD3,ENSG00000182827,1630,64746,landmark,panel
C16orf72,ENSG00000182831,1631,,,rest
RGS7,ENSG00000182901,1632,6000,best inferred,rest
HMGN4,ENSG00000182952,1633,10473,best inferred,rest
MTA1,ENSG00000182979,1634,9112,landmark,panel
PYCR1,ENSG00000183010,1635,5831,landmark,panel
NAA38,ENSG00000183011,1636,,,rest
PTGDR2,ENSG00000183134,1637,11251,inferred,rest
GJD3,ENSG00000183153,1638,,,rest
TFDP3,ENSG00000183434,1639,51270,inferred,rest
MX2,ENSG00000183486,1640,4600,best inferred,rest
PSMG1,ENSG00000183527,1641,8624,landmark,panel
TNFAIP8L3,ENSG00000183578,1642,,,rest
ZNF530,ENSG00000183647,1643,,,rest
TMEM50A,ENSG00000183726,1644,23585,landmark,panel
ACP7,ENSG00000183760,1645,,,rest
CHEK2,ENSG00000183765,1646,11200,landmark,panel
AIFM3,ENSG00000183773,1647,,,rest
PNMA3,ENSG00000183837,1648,29944,inferred,rest
ZNF730,ENSG00000183850,1649,,,rest
PRKX,ENSG00000183943,1650,5613,landmark,panel
UQCR10,ENSG00000184076,1651,29796,best inferred,rest
NIPSNAP1,ENSG00000184117,1652,8508,landmark,panel
KCNQ3,ENSG00000184156,1653,3786,inferred,rest
CRELD2,ENSG00000184164,1654,79174,landmark,panel
DEFB108B,ENSG00000184276,1655,,,rest
COPB2,ENSG00000184432,1656,9276,landmark,panel
C1QTNF8,ENSG00000184471,1657,,,rest
FOXO4,ENSG00000184481,1658,4303,landmark,panel
PROS1,ENSG00000184500,1659,5627,landmark,panel
MED12,ENSG00000184634,1660,9968,best inferred,rest
HIST2H2BE,ENSG00000184678,1661,8349,landmark,panel
CLDN6,ENSG00000184697,1662,9074,inferred,rest
PRR16,ENSG00000184838,1663,51334,best inferred,rest
TMEM186,ENSG00000184857,1664,25880,inferred,rest
BTBD6,ENSG00000184887,1665,,,rest
LCN12,ENSG00000184925,1666,,,rest
CHRM5,ENSG00000184984,1667,1133,inferred,rest
DGAT1,ENSG00000185000,1668,8694,best inferred,rest
MIXL1,ENSG00000185155,1669,,,rest
MC2R,ENSG00000185231,1670,4158,inferred,rest
PRPF39,ENSG00000185246,1671,55015,best inferred,rest
C12orf56,ENSG00000185306,1672,,,rest
ATP6V0A2,ENSG00000185344,1673,23545,best inferred,rest
HGS,ENSG00000185359,1674,9146,best inferred,rest
MUC1,ENSG00000185499,1675,4582,landmark,panel
IRF7,ENSG00000185507,1676,3665,best inferred,rest
PDIA2,ENSG00000185615,1677,64714,best inferred,rest
NDUFA4L2,ENSG00000185633,1678,56901,best inferred,rest
NTF3,ENSG00000185652,1679,4908,best inferred,rest
SNAI3,ENSG00000185669,1680,,,rest
SPATA31A6,ENSG00000185775,1681,,,rest
MORF4L1,ENSG00000185787,1682,10933,best inferred,rest
SLC52A2,ENSG00000185803,1683,79581,best inferred,rest
IKZF1,ENSG00000185811,1684,10320,landmark,panel
PRSS38,ENSG00000185888,1685,,,rest
LCE3E,ENSG00000185966,1686,,,rest
PLK5,ENSG00000185988,1687,,,rest
TAL2,ENSG00000186051,1688,,,rest
LRRC70,ENSG00000186105,1689,,,rest
GPAT2,ENSG00000186281,1690,,,rest
TMEM212,ENSG00000186329,1691,389177,inferred,rest
KRT3,ENSG00000186442,1692,3850,inferred,rest
DEFB132,ENSG00000186458,1693,,,rest
INSIG1,ENSG00000186480,1694,3638,landmark,panel
ZNF396,ENSG00000186496,1695,,,rest
GPATCH8,ENSG00000186566,1696,23131,landmark,panel
LYRM7,ENSG00000186687,1697,,,rest
CXCR3,ENSG00000186810,1698,2833,best inferred,rest
SERPINA11,ENSG00000186910,1699,,,rest
ZNF395,ENSG00000186918,1700,55893,landmark,panel
EMID1,ENSG00000186998,1701,129080,best inferred,rest
LILRA5,ENSG00000187116,1702,353514,best inferred,rest
RNF220,ENSG00000187147,1703,55182,best inferred,rest
LHFPL3,ENSG00000187416,1704,,,rest
CHP1,ENSG00000187446,1705,11261,landmark,panel
COL4A1,ENSG00000187498,1706,1282,landmark,panel
SBK2,ENSG00000187550,1707,,,rest
USP7,ENSG00000187555,1708,7874,landmark,panel
SAMD11,ENSG00000187634,1709,,,rest
ERAS,ENSG00000187682,1710,,,rest
C9orf153,ENSG00000187753,1711,,,rest
KRTAP10-8,ENSG00000187766,1712,,,rest
DNAH17,ENSG00000187775,1713,8632,best inferred,rest
PLSCR3,ENSG00000187838,1714,57048,landmark,panel
EIF4EBP1,ENSG00000187840,1715,1978,landmark,panel
UBQLN2,ENSG00000188021,1716,29978,landmark,panel
ZNF490,ENSG00000188033,1717,,,rest
ARL4C,ENSG00000188042,1718,10123,landmark,panel
PLSCR1,ENSG00000188313,1719,5359,landmark,panel
C10orf99,ENSG00000188373,1720,,,rest
PPP3R2,ENSG00000188386,1721,,,rest
PAQR9,ENSG00000188582,1722,,,rest
ZNF177,ENSG00000188629,1723,7730,inferred,rest
IDO2,ENSG00000188676,1724,,,rest
RBM34,ENSG00000188739,1725,23029,landmark,panel
CATSPER4,ENSG00000188782,1726,,,rest
FBF1,ENSG00000188878,1727,,,rest
INSYN2A,ENSG00000188916,1728,,,rest
MSANTD1,ENSG00000188981,1729,,,rest
ZNF292,ENSG00000188994,1730,23036,best inferred,rest
ZNF527,ENSG00000189164,1731,,,rest
S100A13,ENSG00000189171,1732,6284,landmark,panel
RRP7A,ENSG00000189306,1733,27341,best inferred,rest
ZNF724,ENSG00000196081,1734,,,rest
TDRD7,ENSG00000196116,1735,23424,best inferred,rest
S100A4,ENSG00000196154,1736,6275,landmark,panel
FUT4,ENSG00000196371,1737,,,rest
ZNF34,ENSG00000196378,1738,80778,best inferred,rest
PTPN1,ENSG00000196396,1739,5770,landmark,panel
EVL,ENSG00000196405,1740,51466,landmark,panel
ZNF124,ENSG00000196418,1741,7678,best inferred,rest
PIK3R4,ENSG00000196455,1742,30849,landmark,panel
MME,ENSG00000196549,1743,4311,best inferred,rest
LAMA2,ENSG00000196569,1744,3908,best inferred,rest
OR5AC2,ENSG00000196578,1745,,,rest
HDAC2,ENSG00000196591,1746,3066,landmark,panel
MMP1,ENSG00000196611,1747,4312,landmark,panel
ADH1B,ENSG00000196616,1748,125,best inferred,rest
RABL6,ENSG00000196642,1749,55684,inferred,rest
ZNF418,ENSG00000196724,1750,,,rest
POU3F4,ENSG00000196767,1751,5456,inferred,rest
TLE1,ENSG00000196781,1752,7088,landmark,panel
OR11G2,ENSG00000196832,1753,,,rest
NHLRC2,ENSG00000196865,1754,374354,best inferred,rest
ARHGEF12,ENSG00000196914,1755,23365,landmark,panel
LAGE3,ENSG00000196976,1756,8270,landmark,panel
ZNF441,ENSG00000197044,1757,,,rest
SIGLEC15,ENSG00000197046,1758,284266,inferred,rest
IGF2R,ENSG00000197081,1759,3482,landmark,panel
SRC,ENSG00000197122,1760,6714,landmark,panel
ENTPD4,ENSG00000197217,1761,9583,best inferred,rest
TBC1D9B,ENSG00000197226,1762,23061,landmark,panel
HIST1H4J,ENSG00000197238,1763,,,rest
GTF2E2,ENSG00000197265,1764,2961,landmark,panel
ZNF165,ENSG00000197279,1765,7718,best inferred,rest
LRP10,ENSG00000197324,1766,26020,landmark,panel
PDGFA,ENSG00000197461,1767,5154,landmark,panel
GALP,ENSG00000197487,1768,,,rest
CXorf40A,ENSG00000197620,1769,91966,inferred,rest
SPTAN1,ENSG00000197694,1770,6709,landmark,panel
PSAP,ENSG00000197746,1771,5660,best inferred,rest
FAM118B,ENSG00000197798,1772,,,rest
ZNF181,ENSG00000197841,1773,,,rest
ADH5,ENSG00000197894,1774,128,landmark,panel
TEAD4,ENSG00000197905,1775,7004,best inferred,rest
ERO1A,ENSG00000197930,1776,30001,landmark,panel
AADACL2,ENSG00000197953,1777,,,rest
S100A6,ENSG00000197956,1778,6277,best inferred,rest
MPZL1,ENSG00000197965,1779,9019,landmark,panel
DLGAP2,ENSG00000198010,1780,9228,inferred,rest
AVPR1B,ENSG00000198049,1781,553,inferred,rest
AKR1B10,ENSG00000198074,1782,57016,best inferred,rest
TFDP1,ENSG00000198176,1783,7027,landmark,panel
HSD17B11,ENSG00000198189,1784,51170,landmark,panel
DDX42,ENSG00000198231,1785,11325,landmark,panel
SPRED2,ENSG00000198369,1786,200734,landmark,panel
GFPT1,ENSG00000198380,1787,2673,landmark,panel
UVRAG,ENSG00000198382,1788,7405,best inferred,rest
TXNRD1,ENSG00000198431,1789,7296,landmark,panel
ANKRD35,ENSG00000198483,1790,,,rest
ZNF28,ENSG00000198538,1791,,,rest
KCNRG,ENSG00000198553,1792,,,rest
CTNND1,ENSG00000198561,1793,1500,landmark,panel
RYR2,ENSG00000198626,1794,6262,best inferred,rest
KLHL9,ENSG00000198642,1795,55958,landmark,panel
MT-ND6,ENSG00000198695,1796,,,rest
F5,ENSG00000198734,1797,2153,inferred,rest
PNP,ENSG00000198805,1798,4860,landmark,panel
FOXJ3,ENSG00000198815,1799,22887,landmark,panel
CHAMP1,ENSG00000198824,1800,,,rest
UBE2J1,ENSG00000198833,1801,51465,landmark,panel
MT-ND4,ENSG00000198886,1802,,,rest
SHISA4,ENSG00000198892,1803,,,rest
CAPZA2,ENSG00000198898,1804,830,best inferred,rest
KIAA0753,ENSG00000198920,1805,9851,landmark,panel
KIF1BP,ENSG00000198954,1806,26128,landmark,panel
OR2L2,ENSG00000203663,1807,,,rest
COX20,ENSG00000203667,1808,,,rest
SPRR2E,ENSG00000203785,1809,,,rest
PCMTD2,ENSG00000203880,1810,55251,best inferred,rest
C1orf185,ENSG00000204006,1811,,,rest
GIGYF2,ENSG00000204120,1812,26058,best inferred,rest
RUFY2,ENSG00000204130,1813,55680,inferred,rest
NHSL2,ENSG00000204131,1814,,,rest
ZDHHC18,ENSG00000204160,1815,84243,best inferred,rest
DAXX,ENSG00000204209,1816,1616,landmark,panel
PFDN6,ENSG00000204220,1817,10471,best inferred,rest
RING1,ENSG00000204227,1818,6015,best inferred,rest
PSMB8,ENSG00000204264,1819,5696,landmark,panel
PJVK,ENSG00000204311,1820,,,rest
SKIV2L,ENSG00000204351,1821,6499,landmark,panel
SPANXN5,ENSG00000204363,1822,,,rest
HSPA1A,ENSG00000204389,1823,3303,landmark,panel
MPIG6B,ENSG00000204420,1824,80739,inferred,rest
PRAMEF14,ENSG00000204481,1825,,,rest
MICB,ENSG00000204516,1826,4277,best inferred,rest
ABCF1,ENSG00000204574,1827,23,landmark,panel
DDR1,ENSG00000204580,1828,780,landmark,panel
IL31,ENSG00000204671,1829,,,rest
MAS1L,ENSG00000204687,1830,,,rest
OR2J3,ENSG00000204701,1831,442186,inferred,rest
TCTN1,ENSG00000204852,1832,79600,landmark,panel
KRTAP1-4,ENSG00000204887,1833,,,rest
ZNF155,ENSG00000204920,1834,7711,inferred,rest
ZNF425,ENSG00000204947,1835,,,rest
TRIM13,ENSG00000204977,1836,10206,landmark,panel
FAM71F2,ENSG00000205085,1837,,,rest
PSMB10,ENSG00000205220,1838,5699,landmark,panel
ADGRG1,ENSG00000205336,1839,9289,landmark,panel
OR52J3,ENSG00000205495,1840,,,rest
OR51A4,ENSG00000205497,1841,,,rest
ARRDC5,ENSG00000205784,1842,,,rest
BHLHA9,ENSG00000205899,1843,,,rest
RNPS1,ENSG00000205937,1844,10921,landmark,panel
JPT2,ENSG00000206053,1845,90861,landmark,panel
FOXL2NB,ENSG00000206262,1846,,,rest
TMEM200C,ENSG00000206432,1847,,,rest
CFAP44,ENSG00000206530,1848,55779,best inferred,rest
SELENOH,ENSG00000211450,1849,,,rest
SACM1L,ENSG00000211456,1850,22908,landmark,panel
TSN,ENSG00000211460,1851,7247,best inferred,rest
NUP62,ENSG00000213024,1852,23636,landmark,panel
SCAF8,ENSG00000213079,1853,22828,best inferred,rest
MLLT11,ENSG00000213190,1854,10962,landmark,panel
NRAS,ENSG00000213281,1855,4893,landmark,panel
GSTM2,ENSG00000213366,1856,2946,landmark,panel
ARHGAP19,ENSG00000213390,1857,84986,best inferred,rest
STIMATE,ENSG00000213533,1858,375346,landmark,panel
C8orf82,ENSG00000213563,1859,,,rest
VDAC1,ENSG00000213585,1860,7416,landmark,panel
PPM1N,ENSG00000213889,1861,,,rest
DNASE1,ENSG00000213918,1862,1773,best inferred,rest
CSNK1E,ENSG00000213923,1863,1454,landmark,panel
REPIN1,ENSG00000214022,1864,29803,best inferred,rest
TSPAN4,ENSG00000214063,1865,7106,landmark,panel
MYCBP,ENSG00000214114,1866,26292,landmark,panel
MINDY4B,ENSG00000214237,1867,,,rest
FIS1,ENSG00000214253,1868,51024,landmark,panel
DEFB133,ENSG00000214643,1869,,,rest
ZNF727,ENSG00000214652,1870,,,rest
IFRD2,ENSG00000214706,1871,7866,landmark,panel
FASTKD5,ENSG00000215251,1872,60493,landmark,panel
GAGE10,ENSG00000215274,1873,,,rest
ZNF705D,ENSG00000215343,1874,,,rest
NPEPL1,ENSG00000215440,1875,79716,landmark,panel
DEFB116,ENSG00000215545,1876,,,rest
CEBPZOS,ENSG00000218739,1877,,,rest
PLXNA4,ENSG00000221866,1878,,,rest
CEBPD,ENSG00000221869,1879,1052,landmark,panel
APOL6,ENSG00000221963,1880,80830,best inferred,rest
CCNL2,ENSG00000221978,1881,81669,best inferred,rest
OR52B4,ENSG00000221996,1882,,,rest
CDRT15,ENSG00000223510,1883,,,rest
USP17L15,ENSG00000223569,1884,,,rest
PLEKHM1,ENSG00000225190,1885,9842,landmark,panel
C14orf132,ENSG00000227051,1886,56967,best inferred,rest
PARG,ENSG00000227345,1887,8505,best inferred,rest
LTB,ENSG00000227507,1888,4050,best inferred,rest
C2orf92,ENSG00000228486,1889,,,rest
FNDC10,ENSG00000228594,1890,,,rest
ARL17B,ENSG00000228696,1891,,,rest
CCDC192,ENSG00000230561,1892,,,rest
HSBP1,ENSG00000230989,1893,3281,best inferred,rest
PLSCR5,ENSG00000231213,1894,,,rest
RNF224,ENSG00000233198,1895,,,rest
IFNA13,ENSG00000233816,1896,,,rest
UQCRHL,ENSG00000233954,1897,,,rest
PAGE2,ENSG00000234068,1898,,,rest
TRIM26,ENSG00000234127,1899,7726,best inferred,rest
MCIDAS,ENSG00000234602,1900,,,rest
BRD3OS,ENSG00000235106,1901,266655,best inferred,rest
MFRP,ENSG00000235718,1902,,,rest
PATE3,ENSG00000236027,1903,,,rest
ZBTB22,ENSG00000236104,1904,9278,best inferred,rest
AL354761.1,,1905,,,rest
ARHGEF38,ENSG00000236699,1906,54848,inferred,rest
CKMT1B,ENSG00000237289,1907,,,rest
PATE4,ENSG00000237353,1908,,,rest
TMEM250,ENSG00000238227,1909,,,rest
TEX35,ENSG00000240021,1910,,,rest
LY6G5B,ENSG00000240053,1911,,,rest
SMKR1,ENSG00000240204,1912,,,rest
PCDHGC5,ENSG00000240764,1913,,,rest
MIF,ENSG00000240972,1914,4282,landmark,panel
KRTAP5-8,ENSG00000241233,1915,57830,inferred,rest
SERPINB10,ENSG00000242550,1916,5273,inferred,rest
PRAF2,ENSG00000243279,1917,11230,landmark,panel
AMY2A,ENSG00000243480,1918,,,rest
UPK3B,ENSG00000243566,1919,80761,inferred,rest
IL10RB,ENSG00000243646,1920,3588,best inferred,rest
UBE2V1,ENSG00000244687,1921,,,rest
CEBPA,ENSG00000245848,1922,1050,landmark,panel
TWF2,ENSG00000247596,1923,11344,landmark,panel
INSL3,ENSG00000248099,1924,3640,best inferred,rest
SPATS1,ENSG00000249481,1925,,,rest
HS3ST5,ENSG00000249853,1926,,,rest
PTTG2,ENSG00000250254,1927,10744,inferred,rest
AC010255.3,,1928,,,rest
USP17L23,ENSG00000250913,1929,,,rest
PRB1,ENSG00000251655,1930,5542,inferred,rest
PTX4,ENSG00000251692,1931,,,rest
OC90,ENSG00000253117,1932,,,rest
PCDHGA12,ENSG00000253159,1933,,,rest
HOXA10,ENSG00000253293,1934,3206,landmark,panel
CLDN23,ENSG00000253958,1935,,,rest
ZNF260,ENSG00000254004,1936,,,rest
LYN,ENSG00000254087,1937,4067,landmark,panel
PINX1,ENSG00000254093,1938,,,rest
NPIPB11,ENSG00000254206,1939,,,rest
CHMP4A,ENSG00000254505,1940,29082,landmark,panel
SMIM35,ENSG00000255274,1941,,,rest
OR6J1,ENSG00000255804,1942,,,rest
COA8,ENSG00000256053,1943,,,rest
ZNF225,ENSG00000256294,1944,7768,best inferred,rest
POLG2,ENSG00000256525,1945,11232,landmark,panel
CNPY2,ENSG00000257727,1946,10330,best inferred,rest
SLC22A31,ENSG00000259803,1947,,,rest
RBM15B,ENSG00000259956,1948,29890,landmark,panel
KCNJ18,ENSG00000260458,1949,,,rest
FIGNL2,ENSG00000261308,1950,,,rest
SCRT1,ENSG00000261678,1951,83482,inferred,rest
MIA,ENSG00000261857,1952,8190,inferred,rest
IKBKE,ENSG00000263528,1953,9641,landmark,panel
NBPF15,ENSG00000266338,1954,,,rest
UPK3BL1,ENSG00000267368,1955,,,rest
EDDM13,ENSG00000267710,1956,,,rest
TRABD2B,ENSG00000269113,1957,,,rest
PRAMEF5,ENSG00000270601,1958,,,rest
ANKRD34A,ENSG00000272031,1959,,,rest
GRIN2B,ENSG00000273079,1960,2904,inferred,rest
NBPF26,ENSG00000273136,1961,,,rest
ZBTB8B,ENSG00000273274,1962,,,rest
AGBL1,ENSG00000273540,1963,,,rest
CEACAM20,ENSG00000273777,1964,,,rest
NUDT18,ENSG00000275074,1965,79873,best inferred,rest
FCGBP,ENSG00000275395,1966,8857,best inferred,rest
DUSP14,ENSG00000276023,1967,11072,landmark,panel
CCL3L1,ENSG00000277768,1968,,,rest
HIST1H4I,ENSG00000276180,1969,,,rest
KCNE1B,,1970,,,rest
PIP4K2B,ENSG00000276293,1971,8396,landmark,panel
PKD1L3,ENSG00000277481,1972,,,rest
TEX28,ENSG00000278057,1973,1527,inferred,rest
OR8K3,ENSG00000280314,1974,,,rest
PAGR1,ENSG00000280789,1975,,,rest
SPRR5,ENSG00000283227,1976,,,rest
FAM237B,ENSG00000283267,1977,,,rest
FAM240B,ENSG00000283329,1978,,,rest
C19orf85,ENSG00000283567,1979,,,rest
SLURP2,ENSG00000283992,1980,,,rest
SCO2,ENSG00000284194,1981,9997,best inferred,rest
AC084121.12,,1982,,,rest
