gene_symbol,challenge_idx,split
TSPAN6,0,panel
SCYL3,1,panel
FUCA2,2,rest
BAD,3,panel
LAP3,4,panel
SNX11,5,panel
CASP10,6,panel
CFLAR,7,panel
FKBP4,8,panel
RBM6,9,panel
SLC25A13,10,panel
ST7,11,panel
UPF1,12,rest
CIAPIN1,13,panel
WDR54,14,rest
MYCBP2,15,panel
ITGAL,16,rest
TAC1,17,rest
RALA,18,panel
ETV1,19,panel
TBXA2R,20,panel
PAF1,21,panel
ELAC2,22,panel
ARSD,23,rest
MYH13,24,rest
PAFAH1B1,25,panel
KIAA0100,26,panel
TRAPPC6A,27,panel
E2F2,28,panel
PSMB1,29,rest
SYPL1,30,panel
CYB561,31,panel
RHOBTB2,32,rest
UBE3C,33,panel
TENM1,34,rest
NCAPD2,35,panel
SEMA3G,36,rest
NISCH,37,panel
BTK,38,panel
FYN,39,panel
FMO1,40,rest
MKS1,41,rest
AKAP8L,42,panel
SYT7,43,rest
BRCA1,44,panel
LTF,45,rest
UBR7,46,panel
MAP4K5,47,rest
MVP,48,panel
HEBP1,49,panel
MAMLD1,50,panel
CD6,51,rest
CAPN1,52,panel
BID,53,panel
NUDCD3,54,panel
ATP2C1,55,panel
MNAT1,56,panel
SLC7A9,57,rest
ZDHHC6,58,panel
RNH1,59,panel
ALAS1,60,panel
DERA,61,panel
TOMM34,62,panel
FAS,63,panel
CD44,64,panel
PRKCH,65,panel
SH2D2A,66,rest
TBPL1,67,panel
RABEP1,68,rest
GRN,69,panel
APBA2,70,rest
NSMAF,71,rest
TIMP2,72,panel
OTC,73,rest
RIPOR1,74,rest
RAI14,75,panel
JADE2,76,panel
EPHA3,77,panel
DSG2,78,panel
CELF2,79,rest
RFC2,80,panel
MCUR1,81,panel
MAPK9,82,panel
HERPUD1,83,panel
PIK3CB,84,rest
RRP12,85,panel
AKR7A2,86,panel
LAMA3,87,panel
TRAPPC3,88,panel
THRAP3,89,rest
ARID4B,90,panel
SYNE2,91,panel
DCBLD2,92,rest
SERPINB3,93,rest
PKP2,94,rest
ATP11B,95,panel
PPP1R12A,96,rest
ATP2B4,97,rest
TARBP1,98,panel
SLC2A3,99,rest
STYK1,100,rest
GNA15,101,panel
ACAA1,102,panel
SPAG4,103,panel
GUCY1B1,104,rest
CDH3,105,panel
DGAT2,106,rest
APPBP2,107,panel
GPC1,108,panel
LPAR2,109,panel
HMG20B,110,panel
TAF11,111,rest
AP3D1,112,rest
TRAM2,113,panel
DGKA,114,rest
ERBB3,115,panel
ADAT1,116,panel
PDIA5,117,panel
SPEN,118,panel
MYLK,119,panel
PRKCQ,120,panel
MTHFD2,121,panel
PPP2R5A,122,panel
ELAVL1,123,panel
KDM4A,124,rest
ZMYND12,125,rest
FGFR2,126,panel
ISOC1,127,panel
ATG2B,128,rest
MTFR1,129,panel
PLPP1,130,rest
PHKA1,131,panel
DHX29,132,panel
DNTTIP2,133,panel
TP53BP1,134,panel
RHOA,135,panel
IARS2,136,panel
HEATR6,137,rest
COASY,138,panel
TFE3,139,rest
FTSJ1,140,rest
NUP133,141,panel
PIGB,142,panel
GNB5,143,panel
RAB27A,144,panel
SCT,145,rest
ELP1,146,panel
NUCB2,147,panel
JMJD6,148,panel
POLB,149,panel
ST6GALNAC2,150,panel
CSNK2A2,151,panel
TCOF1,152,rest
NCK2,153,panel
MAP4K4,154,panel
SNX13,155,panel
PDCD2,156,rest
PRKACA,157,panel
ADGRL1,158,rest
EPN2,159,panel
SMC1A,160,panel
HSD17B10,161,panel
P4HA2,162,panel
NFATC3,163,panel
STK10,164,panel
MRVI1,165,rest
SCARB1,166,panel
KDM5A,167,panel
FERMT2,168,rest
CD5L,169,rest
PTGS2,170,panel
IGF2BP2,171,panel
GLI2,172,panel
EED,173,panel
BCS1L,174,rest
HACD3,175,panel
TUBE1,176,rest
TIPIN,177,rest
FOSL2,178,rest
CACNG5,179,rest
RAB7A,180,rest
ICAM3,181,panel
RAP1GAP,182,panel
STXBP2,183,panel
TM9SF3,184,panel
NFKB2,185,panel
IL4R,186,panel
USP33,187,rest
UBE2A,188,panel
FGFR1,189,rest
PIK3C3,190,panel
N4BP2,191,rest
ADCY2,192,rest
EDN1,193,panel
MLLT10,194,rest
P2RY10,195,rest
PCM1,196,panel
ITCH,197,rest
XRCC5,198,rest
MKNK1,199,panel
FDFT1,200,panel
PAFAH1B3,201,panel
CARMIL1,202,panel
PGM1,203,panel
EPB41L2,204,panel
KEAP1,205,panel
RAB21,206,panel
SESN1,207,panel
CNOT4,208,panel
MOK,209,panel
CXCL2,210,panel
MEF2C,211,panel
PTPRC,212,panel
AACS,213,rest
PCDHA6,214,rest
IL12RB2,215,rest
ME2,216,panel
NFE2L1,217,rest
ITGB5,218,panel
PALB2,219,rest
KAT6A,220,panel
PLOD1,221,rest
OXCT1,222,panel
ZNF586,223,panel
FAT1,224,panel
PPIE,225,panel
FAM234B,226,rest
TXLNA,227,panel
GCKR,228,rest
MECOM,229,rest
MAP3K4,230,panel
PILRA,231,rest
AKR1B1,232,rest
CPNE3,233,panel
RRN3,234,rest
CTTN,235,panel
ORC1,236,panel
CHERP,237,panel
MAST2,238,panel
CHMP5,239,rest
ITPKC,240,rest
ZW10,241,panel
SRRT,242,rest
BAX,243,panel
PIGS,244,rest
MMP2,245,panel
NID2,246,rest
DNM1L,247,panel
ERGIC2,248,rest
AURKA,249,panel
GNA11,250,panel
ANKRD10,251,panel
PPP1R13B,252,panel
MAPKAPK5,253,panel
SLC23A2,254,rest
DZANK1,255,rest
LHX5,256,rest
PXN,257,panel
RPH3A,258,rest
IGBP1,259,rest
BIRC5,260,panel
ICAM1,261,panel
MCOLN1,262,panel
AARS,263,panel
DLD,264,panel
WDR7,265,panel
SPAG7,266,panel
PSME1,267,panel
PPP2R3C,268,panel
TGM1,269,rest
PHGDH,270,panel
CDC45,271,panel
HDAC6,272,panel
FMO2,273,rest
HOOK2,274,panel
BAMBI,275,panel
PGC,276,rest
HSP90AB1,277,rest
ABL1,278,panel
MZF1,279,rest
KCNK6,280,rest
CIRBP,281,panel
RASSF7,282,rest
GADD45B,283,panel
CRKL,284,panel
SF3A1,285,rest
LGALS2,286,rest
GGA1,287,rest
MICALL1,288,panel
XBP1,289,panel
JOSD1,290,rest
FBXO7,291,panel
HMOX1,292,panel
MCM5,293,rest
RBFOX2,294,rest
PNPLA5,295,rest
CERK,296,panel
ABHD4,297,panel
SDR39U1,298,rest
COCH,299,rest
POLE2,300,panel
PYGL,301,panel
CGRRF1,302,panel
ATP6V1D,303,panel
TIMM9,304,panel
GSTZ1,305,panel
SPTLC2,306,panel
LGMN,307,panel
SNW1,308,rest
DHRS7,309,panel
HIF1A,310,panel
SRSF5,311,rest
EIF5,312,panel
PCK2,313,panel
NFKBIA,314,panel
PSME2,315,panel
NFATC4,316,panel
CD40,317,panel
MYBL2,318,panel
ADNP,319,rest
RAE1,320,panel
TPD52L2,321,panel
PRPF6,322,rest
TUBB1,323,rest
TCFL5,324,panel
COL20A1,325,rest
CDC25B,326,panel
NDUFAF5,327,rest
TRIB3,328,panel
RSPO4,329,rest
MYL9,330,panel
CST4,331,rest
USP14,332,panel
RNMT,333,panel
PSMD10,334,panel
GPR143,335,rest
PGRMC1,336,panel
MID1,337,rest
SUV39H1,338,panel
PLP2,339,panel
PLS3,340,rest
NAA10,341,rest
SLC25A14,342,panel
FMR1,343,rest
BRS3,344,rest
HTATSF1,345,panel
NDFIP2,346,rest
TNFSF13B,347,rest
FNDC3A,348,rest
CORO1A,349,panel
PHKB,350,panel
LYRM1,351,panel
NUP93,352,panel
ACD,353,panel
NDRG4,354,rest
HAS3,355,rest
COG4,356,panel
PLA2G15,357,panel
MON1B,358,rest
AXIN1,359,panel
MPG,360,rest
CIAO3,361,panel
SLC7A5,362,rest
METRN,363,panel
STUB1,364,panel
DNAJA3,365,panel
STX4,366,panel
CCP110,367,panel
CSK,368,panel
RASL12,369,rest
FAH,370,panel
HOMER2,371,panel
GABPB1,372,panel
TJP1,373,panel
DECR1,374,panel
POP1,375,rest
IKBKB,376,panel
SPAG1,377,rest
SNX16,378,rest
TSTA3,379,panel
PYCR3,380,rest
PPP2CB,381,rest
ASAH1,382,panel
BNIP3L,383,panel
MAN2B1,384,panel
ECH1,385,panel
NFKBIB,386,panel
KCNA7,387,rest
RELB,388,panel
PIH1D1,389,panel
PLEKHJ1,390,panel
AMH,391,rest
LILRB1,392,rest
AKAP8,393,panel
POP4,394,panel
FSD1,395,panel
POLR2I,396,panel
ETFB,397,panel
CRX,398,rest
KDELR1,399,rest
GRWD1,400,panel
LIG1,401,panel
CAPS,402,rest
RASIP1,403,rest
TMEM147,404,rest
GAPDHS,405,rest
LSR,406,panel
CDK6,407,panel
TFPI2,408,rest
BET1,409,rest
PON2,410,rest
MPP6,411,rest
DNAJB6,412,panel
HOXA5,413,panel
HIBADH,414,rest
GRB10,415,panel
FKBP14,416,panel
STX1A,417,panel
CASP2,418,panel
HSPB1,419,panel
ZKSCAN1,420,rest
HYAL4,421,rest
AIMP2,422,rest
IMPDH1,423,rest
LSM5,424,panel
SERPINE1,425,panel
PLOD3,426,panel
RPA3,427,panel
NRF1,428,rest
EZH2,429,panel
MEST,430,panel
BLVRA,431,panel
RHEB,432,panel
PRKAG2,433,panel
BCL7B,434,panel
YKT6,435,panel
C5,436,panel
ASPN,437,rest
DNM1,438,panel
AK1,439,rest
TBC1D13,440,rest
NCS1,441,rest
TESK1,442,panel
DDX58,443,rest
NPDC1,444,panel
SH3GL2,445,rest
SHB,446,panel
PDLIM1,447,panel
GATA3,448,panel
RAB11FIP2,449,panel
DDX50,450,rest
NSMCE4A,451,rest
PALD1,452,rest
BMPR1A,453,rest
LIPA,454,panel
PITRM1,455,rest
XPNPEP1,456,panel
SMC3,457,panel
ZMIZ1,458,panel
CASC3,459,panel
RAD51C,460,panel
RNF167,461,panel
CHRNE,462,rest
NUP88,463,panel
BLMH,464,panel
DRG2,465,rest
SMARCD2,466,panel
CYTH1,467,panel
CCL2,468,panel
CCL8,469,rest
RAB5C,470,rest
COL1A1,471,panel
VAT1,472,panel
DUSP3,473,panel
MMD,474,rest
DPH1,475,rest
SLC9A3R1,476,rest
MYH3,477,rest
TMEM97,478,panel
ALDOC,479,panel
DCUN1D4,480,panel
ODAM,481,rest
CHIC2,482,panel
NFKB1,483,rest
AREG,484,rest
INPP4B,485,panel
GAB1,486,rest
WFS1,487,panel
TRIM2,488,panel
MFSD10,489,panel
NCAPG,490,rest
UGDH,491,panel
PPARGC1A,492,rest
DDX25,493,rest
CCDC34,494,rest
HSPA8,495,panel
CPT1A,496,rest
CCND1,497,panel
CCDC86,498,panel
TMEM109,499,panel
BIRC2,500,panel
PDHX,501,panel
PTPMT1,502,rest
SLC35F2,503,panel
NUP98,504,rest
PSMD9,505,panel
CAPRIN2,506,rest
SLC11A2,507,panel
MLEC,508,panel
MVK,509,rest
PPM1H,510,rest
ITFG2,511,rest
FOXM1,512,rest
AKAP3,513,rest
CDKN1B,514,panel
GPRC5D,515,rest
RFC5,516,panel
TIMELESS,517,panel
COPS7A,518,panel
ENO2,519,rest
ATN1,520,rest
PTPN6,521,panel
GOLT1B,522,panel
C2CD5,523,panel
RAB35,524,rest
BTN3A3,525,rest
RSPH4A,526,rest
PPARD,527,panel
MCM3,528,panel
MDN1,529,rest
ZNF451,530,panel
ASCC3,531,panel
GMNN,532,panel
SLC22A2,533,rest
CCND3,534,panel
TBP,535,panel
PTK7,536,rest
DNPH1,537,rest
DUSP22,538,panel
EXOC2,539,rest
SENP6,540,panel
TBX18,541,rest
TENT4A,542,panel
GHR,543,panel
HMGCS1,544,panel
KIF20A,545,panel
NNT,546,panel
HMGCR,547,panel
GNPDA1,548,panel
SKP1,549,panel
NR3C1,550,panel
TCERG1,551,panel
CSNK1A1,552,panel
HMGXB3,553,rest
SMC4,554,panel
PCCB,555,panel
RNF7,556,rest
HES1,557,panel
GNAI2,558,panel
NPRL2,559,panel
CBLB,560,panel
IQCG,561,rest
UMPS,562,rest
KIAA1257,563,rest
MAPKAPK3,564,panel
ABCC5,565,panel
TNNC1,566,rest
EIF4G1,567,panel
TTL,568,rest
PIKFYVE,569,rest
NCL,570,rest
FN1,571,rest
STAT1,572,panel
PAPOLG,573,rest
PECR,574,panel
KCNJ13,575,rest
TXNDC9,576,panel
ST3GAL5,577,panel
KDM3A,578,panel
IL1R1,579,rest
FHL2,580,panel
ABCB6,581,panel
SLC5A7,582,rest
STK25,583,panel
ID2,584,panel
GORASP2,585,rest
CEBPZ,586,panel
DARS,587,rest
SLC1A4,588,panel
TRAK2,589,panel
PCYOX1,590,rest
NFE2L2,591,panel
MSH6,592,panel
SPR,593,panel
BCL9,594,rest
GPX7,595,rest
SCP2,596,panel
FAM20B,597,panel
ICMT,598,panel
OPRD1,599,rest
SRSF4,600,rest
CAPZA1,601,rest
ARHGEF2,602,panel
PLA2G4A,603,panel
GADD45A,604,panel
RGS2,605,panel
CRYZ,606,panel
CD58,607,panel
LGALS8,608,panel
AKT3,609,rest
SDHB,610,panel
KDM5B,611,panel
GALE,612,panel
EBNA1BP2,613,panel
CDC20,614,panel
IPO13,615,panel
ATP6V0B,616,panel
PIK3R3,617,panel
FAAH,618,rest
RCAN3,619,rest
SLC35A3,620,panel
STMN1,621,panel
MAN1C1,622,rest
DHDDS,623,panel
NENF,624,panel
RPA2,625,panel
OSBPL9,626,rest
CTSD,627,panel
KIF14,628,panel
CAMSAP2,629,panel
ATF6,630,panel
CREB1,631,panel
RNF146,632,rest
RXYLT1,633,panel
FOXO3,634,panel
SPP1,635,panel
ITGB1BP1,636,panel
CCDC92,637,panel
HEATR1,638,panel
RAD23B,639,rest
CTNNAL1,640,panel
GLE1,641,rest
CNTRL,642,rest
ZBTB45,643,rest
TGFB3,644,panel
SLIRP,645,rest
SUPT7L,646,rest
DNMT3A,647,panel
IDE,648,panel
SMNDC1,649,panel
MTHFD1L,650,rest
PCMT1,651,panel
CENPL,652,rest
GORAB,653,rest
ACAT2,654,panel
NUDCD1,655,rest
DNAJC15,656,panel
UFM1,657,panel
SMAD9,658,rest
EGR1,659,panel
PLS1,660,panel
NR2C1,661,rest
MTERF2,662,rest
SOCS2,663,panel
DUSP4,664,panel
SORBS3,665,panel
PTK2B,666,panel
NPPB,667,rest
LYPLA1,668,panel
TBX2,669,panel
SLC35B1,670,panel
CAT,671,panel
ZMYM2,672,panel
PIK3CA,673,panel
PDS5A,674,panel
CXCR4,675,panel
ZRANB3,676,rest
FYTTD1,677,rest
TBX22,678,rest
NAA60,679,rest
LRRC39,680,rest
RWDD3,681,rest
SLC66A2,682,rest
BBS9,683,rest
INHBA,684,rest
DCAF10,685,rest
CISD1,686,panel
ECD,687,panel
SSPN,688,rest
ACOT9,689,panel
ADGRE5,690,panel
WDR83,691,rest
SPRYD7,692,rest
ATF1,693,panel
PDE1B,694,rest
CDK2,695,panel
LRP1,696,rest
SARDH,697,rest
LPGAT1,698,panel
BATF3,699,rest
PLA2G12A,700,rest
NCOA3,701,panel
VAPB,702,panel
SRSF6,703,rest
NEURL2,704,rest
STAMBP,705,panel
USP22,706,panel
GRM4,707,rest
WRNIP1,708,rest
UNC5CL,709,rest
HIST1H1A,710,rest
SPDEF,711,panel
CDKN1A,712,panel
SOX4,713,panel
SSR1,714,rest
EFNB2,715,rest
TM9SF2,716,panel
UPF3B,717,rest
DMAC2L,718,panel
BMP4,719,panel
MYH2,720,rest
NUP85,721,panel
MSTO1,722,rest
C1orf61,723,rest
KIR2DL1,724,rest
MBOAT7,725,panel
IL1B,726,panel
PAX8,727,panel
SNRPD2,728,rest
RTN2,729,panel
EML2,730,rest
TGM3,731,rest
NKX2-4,732,rest
PSMF1,733,panel
DSTN,734,rest
BPIFB1,735,rest
PLAGL2,736,rest
UROD,737,rest
FFAR2,738,rest
BECN1,739,panel
TRAP1,740,panel
TIMM17B,741,panel
KTN1,742,panel
PLEKHG3,743,rest
MAP2K2,744,rest
TRAF2,745,rest
PIN1,746,panel
FBXL12,747,panel
OR7C1,748,rest
UQCR11,749,rest
SYNGR3,750,panel
MACF1,751,panel
SMARCA4,752,panel
TICAM1,753,panel
AKAP9,754,rest
SEM1,755,rest
PTPN12,756,panel
POR,757,rest
GNAI1,758,panel
ZFP36,759,panel
PAICS,760,panel
CDC42EP1,761,rest
TPST2,762,rest
RAC2,763,panel
DOCK4,764,rest
CALU,765,panel
CHN1,766,panel
OSGEPL1,767,rest
HAT1,768,panel
CHAC1,769,panel
CLN6,770,rest
ARPP19,771,panel
LOXL1,772,panel
PSMA1,773,rest
DCTD,774,panel
TXNDC17,775,rest
PHF20L1,776,rest
ILF3,777,rest
ADCY4,778,rest
PARP2,779,panel
SNX6,780,panel
EAPP,781,panel
TEP1,782,rest
REEP5,783,panel
ITFG1,784,panel
ART1,785,rest
MAU2,786,rest
STARD8,787,rest
LDLR,788,rest
CNN1,789,rest
APOE,790,panel
XPO7,791,panel
ACSBG2,792,rest
FCHO1,793,panel
JUND,794,rest
OLFM1,795,rest
PAK4,796,panel
TAF4,797,rest
OSBPL2,798,rest
DNMT1,799,panel
PKDREJ,800,rest
RGN,801,rest
LILRB2,802,rest
F12,803,rest
PRR7,804,panel
SH3BP5,805,panel
TBC1D5,806,rest
NR1H2,807,panel
ACLY,808,panel
IL13RA1,809,panel
TOP2A,810,panel
STARD3,811,rest
ZNF132,812,rest
RHPN2,813,rest
DNAJB1,814,panel
LRRC41,815,panel
PPARG,816,panel
ENOSF1,817,panel
ARFIP2,818,panel
RRP8,819,panel
RPA1,820,panel
MTSS2,821,rest
SNAP25,822,panel
PCNA,823,panel
KHDC4,824,panel
HAPLN2,825,rest
DPH2,826,panel
CASP9,827,rest
USPL1,828,rest
CDK8,829,rest
WASF3,830,panel
PIK3C2B,831,panel
CCNA1,832,panel
TRPC4,833,rest
BEX2,834,rest
TCEAL4,835,panel
EPHB2,836,panel
CNDP2,837,panel
MYH11,838,rest
FOPNL,839,rest
PDZD2,840,rest
IMPA1,841,rest
CCNB1,842,panel
CDK7,843,panel
BHLHE40,844,panel
EDEM1,845,panel
EMC7,846,rest
VAV3,847,panel
PSRC1,848,panel
ANO3,849,rest
CCNH,850,panel
TMEM241,851,rest
DDB2,852,panel
CDCA8,853,rest
DSG3,854,rest
ERCC5,855,rest
STT3A,856,rest
ETS1,857,panel
CTSL,858,panel
CEMIP2,859,panel
FBXO21,860,panel
HRK,861,rest
BICDL1,862,rest
DMTF1,863,panel
TES,864,panel
MRAP2,865,rest
PRPH,866,rest
AVIL,867,rest
GDF11,868,rest
CDK4,869,panel
TFCP2,870,rest
PAN2,871,panel
MAP7,872,panel
DYSF,873,rest
KCNK1,874,panel
COG2,875,panel
USP37,876,rest
DNAJB2,877,panel
CAB39,878,panel
REV1,879,rest
C2orf49,880,rest
PWP1,881,panel
WASHC4,882,panel
FLNB,883,rest
TBC1D4,884,rest
SCRN1,885,panel
KDELR2,886,panel
BZW2,887,panel
TTYH3,888,rest
TTC5,889,rest
NMT1,890,panel
SCN2A,891,rest
EPRS,892,panel
IL36B,893,rest
YME1L1,894,panel
TOR1A,895,panel
STXBP1,896,panel
TLR4,897,panel
PRPF4,898,panel
FPGS,899,panel
USP20,900,rest
TEX10,901,panel
MYC,902,panel
DENND4C,903,rest
CNPY3,904,panel
PPIL1,905,rest
ZSCAN9,906,rest
TFAP2A,907,panel
TUBB2A,908,rest
BPHL,909,panel
IER3,910,panel
ARRB1,911,rest
SLCO2B1,912,rest
PRCP,913,panel
SDCBP,914,rest
SORL1,915,rest
MMP20,916,rest
DCUN1D5,917,rest
TRIM29,918,rest
SLC37A4,919,panel
RDX,920,rest
FXYD6,921,rest
MAP2K5,922,panel
SQOR,923,panel
CTDSPL2,924,rest
NUSAP1,925,panel
KIF23,926,rest
PAK6,927,panel
ADAM10,928,panel
SLC5A6,929,panel
FBXO11,930,panel
ANXA7,931,panel
TET1,932,rest
GUCA1C,933,rest
SECISBP2L,934,rest
HERC6,935,panel
PRDM5,936,rest
CDKL2,937,rest
CENPE,938,panel
HADH,939,panel
EGF,940,panel
MTTP,941,rest
LLPH,942,rest
DUSP6,943,panel
AMDHD1,944,rest
TCHP,945,rest
GALNT6,946,rest
ZNF740,947,rest
RB1,948,panel
RBM26,949,rest
MBNL2,950,panel
REM2,951,rest
KCNH5,952,rest
GPR65,953,rest
FAM181A,954,rest
WDR20,955,rest
BNIP2,956,rest
GTF2A2,957,panel
UBE2Q2,958,rest
PSTPIP1,959,rest
BCL2A1,960,rest
TSPAN3,961,panel
WDR61,962,panel
TPM1,963,panel
IGF1R,964,panel
NTRK3,965,rest
DET1,966,rest
IQGAP1,967,panel
PMM2,968,panel
PARN,969,rest
TXNL4B,970,panel
NOL3,971,panel
MBTPS1,972,panel
OSGIN1,973,rest
IRF8,974,rest
RHOT2,975,rest
PDPK1,976,rest
OR4D1,977,rest
VPS53,978,rest
SPATA22,979,rest
CLTC,980,panel
SLC39A6,981,rest
PELP1,982,rest
NPC1,983,panel
MINK1,984,rest
SAT2,985,rest
TP53,986,panel
PMAIP1,987,panel
ERBB2,988,panel
GRB7,989,panel
MVB12A,990,rest
CCDC97,991,rest
SIRT3,992,panel
IFNAR1,993,panel
APP,994,panel
AKT1,995,panel
PSMB6,996,rest
NOSIP,997,panel
EPHA2,998,rest
WDTC1,999,panel
KIF2C,1000,panel
PTPRF,1001,panel
MTF2,1002,panel
ATP1B1,1003,panel
MPC2,1004,panel
CREG1,1005,panel
TMCO1,1006,panel
ILDR2,1007,rest
MGST3,1008,rest
COP1,1009,rest
UFC1,1010,rest
PPOX,1011,panel
PFDN2,1012,rest
PIGM,1013,rest
PRUNE1,1014,panel
SF3B4,1015,rest
ADAMTSL4,1016,rest
RFX5,1017,panel
MINDY1,1018,panel
OAZ3,1019,rest
DYRK3,1020,panel
DUSP10,1021,rest
TP53BP2,1022,panel
SLC27A3,1023,panel
INTS3,1024,panel
SCCPDH,1025,panel
NVL,1026,panel
MBOAT2,1027,rest
PARP1,1028,panel
LBR,1029,panel
ZNF514,1030,rest
NAT8,1031,rest
SFXN5,1032,rest
DUSP11,1033,panel
RALB,1034,panel
LIPT1,1035,rest
HSPD1,1036,panel
ACKR3,1037,rest
VGLL4,1038,panel
TMF1,1039,rest
ATG3,1040,panel
TRPC1,1041,rest
TCTA,1042,panel
NICN1,1043,rest
STXBP5L,1044,rest
MUC4,1045,rest
ENOPH1,1046,panel
SNCA,1047,panel
CCNA2,1048,panel
GLRA3,1049,rest
MYO10,1050,panel
SSBP2,1051,panel
RASA1,1052,panel
TNIP1,1053,panel
GFOD1,1054,panel
TNFRSF21,1055,panel
TTBK1,1056,rest
NFKBIE,1057,panel
PM20D2,1058,rest
SCML4,1059,rest
TAAR2,1060,rest
WTAP,1061,rest
VWDE,1062,rest
EGFR,1063,panel
CDCA5,1064,rest
IGFBP3,1065,panel
TLK2,1066,panel
LUC7L2,1067,rest
CASK,1068,panel
EBP,1069,panel
IL2RG,1070,rest
NSDHL,1071,panel
LRP12,1072,rest
POLR2K,1073,panel
ZNF7,1074,rest
CDKN2A,1075,panel
NTRK2,1076,rest
ALAD,1077,rest
NOTCH1,1078,panel
USP6NL,1079,panel
RSU1,1080,panel
PARD3,1081,rest
A1CF,1082,rest
POLR3A,1083,rest
MKI67,1084,rest
PAK1,1085,panel
HYOU1,1086,panel
EI24,1087,rest
CHEK1,1088,panel
CDH22,1089,rest
LSM14B,1090,rest
YTHDF1,1091,panel
PLCB3,1092,panel
HMGA2,1093,panel
ARID5B,1094,panel
LATS2,1095,rest
PDCD4,1096,rest
CCDC83,1097,rest
RGS18,1098,rest
PRSS23,1099,panel
MTMR12,1100,rest
PPP1R1C,1101,rest
DOCK1,1102,rest
DLAT,1103,rest
UBE3B,1104,panel
EIF4E,1105,rest
NUBPL,1106,rest
INPP1,1107,panel
SLC25A4,1108,panel
ZNF385D,1109,rest
CCDC175,1110,rest
PABPC3,1111,rest
PARP8,1112,rest
BAG3,1113,panel
TMEM132D,1114,rest
SPOCK1,1115,rest
RPP38,1116,panel
PAN3,1117,rest
PLEKHH2,1118,rest
DMP1,1119,rest
MBNL1,1120,panel
ANKRD22,1121,rest
PTPRK,1122,panel
MED21,1123,rest
CAST,1124,panel
CETN3,1125,panel
SMARCA5,1126,rest
OR14K1,1127,rest
PTPRR,1128,rest
CD8A,1129,rest
RPIA,1130,panel
JAZF1,1131,rest
MCOLN2,1132,rest
HS2ST1,1133,panel
PPP2R5E,1134,panel
OTULIN,1135,rest
TOMM70,1136,panel
ENPP3,1137,rest
UCHL1,1138,rest
DISP1,1139,rest
C10orf90,1140,rest
DIPK1A,1141,panel
SORBS2,1142,rest
TSEN2,1143,panel
PIEZO2,1144,rest
OTUD6B,1145,rest
CDK19,1146,panel
NIFK,1147,rest
OXA1L,1148,panel
ZKSCAN2,1149,rest
FZD7,1150,panel
RNF20,1151,rest
RRAGA,1152,panel
CLIC2,1153,rest
PSD3,1154,rest
DCK,1155,panel
ALX3,1156,rest
TIAM1,1157,panel
SORCS3,1158,rest
SFXN2,1159,rest
SH3RF2,1160,rest
MTERF3,1161,panel
SUPV3L1,1162,panel
HK1,1163,panel
UBE2L6,1164,panel
KAT6B,1165,panel
UTP14A,1166,panel
MAPK13,1167,panel
TBC1D31,1168,panel
PHKG2,1169,panel
SASS6,1170,rest
BUB1B,1171,panel
BRPF1,1172,rest
TATDN2,1173,panel
RBPMS,1174,rest
FZD1,1175,panel
CLEC18A,1176,rest
IL34,1177,rest
KIT,1178,panel
CACNA2D3,1179,rest
CCNB2,1180,panel
TSC22D3,1181,panel
C2CD2,1182,panel
BRAF,1183,rest
ACAN,1184,rest
PANK4,1185,rest
WIPI2,1186,rest
KRTCAP3,1187,rest
NCK1,1188,panel
RHPN1,1189,rest
XDH,1190,rest
FAIM,1191,panel
CUL4B,1192,rest
GDPD5,1193,panel
NIT1,1194,panel
TOMM40L,1195,rest
MIS18A,1196,rest
LAD1,1197,rest
CSRP1,1198,panel
CLIC6,1199,rest
CBR1,1200,panel
CBR3,1201,panel
ADIPOR1,1202,rest
PSMD4,1203,panel
STARD9,1204,rest
EFCAB14,1205,panel
FAM131B,1206,rest
PSKH1,1207,rest
NPR2,1208,rest
CALM3,1209,panel
DFFA,1210,panel
NR2F6,1211,panel
TFF1,1212,rest
RRP1B,1213,panel
LRRC3,1214,rest
RALGDS,1215,panel
SLC2A6,1216,panel
LCN1,1217,rest
HIPK4,1218,rest
SHKBP1,1219,rest
ZDHHC12,1220,rest
PKN3,1221,rest
DEDD2,1222,rest
SHC1,1223,panel
ANO10,1224,panel
PMF1,1225,rest
UBQLN4,1226,rest
FGFR4,1227,panel
CYP3A7,1228,rest
CPSF4,1229,panel
VPS28,1230,panel
ZNF333,1231,rest
SQSTM1,1232,panel
FBXL13,1233,rest
ABCF3,1234,panel
BDH1,1235,panel
SENP3,1236,rest
CCNF,1237,panel
AMDHD2,1238,panel
NEU3,1239,rest
CYB561A3,1240,rest
USP24,1241,rest
NOL9,1242,rest
KLHL21,1243,panel
KIAA1522,1244,rest
SCNN1D,1245,rest
MEGF6,1246,rest
USP1,1247,panel
SNX7,1248,panel
BRINP3,1249,rest
AGL,1250,panel
FAM71A,1251,rest
ATF3,1252,rest
DENND2D,1253,panel
MAPKAPK2,1254,panel
FCAMR,1255,rest
TYW5,1256,rest
LRATD1,1257,rest
ACTG2,1258,rest
COQ8A,1259,panel
SGCB,1260,panel
TNFAIP8L2,1261,rest
VPS72,1262,panel
SMCP,1263,rest
DCAF16,1264,rest
C1orf189,1265,rest
GPR155,1266,rest
SLC15A2,1267,rest
ARPC2,1268,rest
RNF25,1269,rest
ADORA1,1270,rest
TGFBR2,1271,panel
ANKZF1,1272,rest
FBLN2,1273,rest
EIF5A2,1274,rest
GTPBP8,1275,panel
CDS1,1276,rest
TIPARP,1277,panel
SLMAP,1278,rest
ABHD6,1279,panel
RBM47,1280,rest
APBB2,1281,panel
IL17RC,1282,rest
CXCL3,1283,rest
CPA3,1284,rest
TOPBP1,1285,panel
KIF15,1286,rest
WDR43,1287,rest
SLC6A20,1288,rest
DTX3L,1289,rest
YEATS2,1290,rest
GRIK3,1291,rest
ZC3H12A,1292,rest
KLF15,1293,rest
RPN1,1294,panel
PRKCD,1295,panel
GNL3,1296,rest
LRPAP1,1297,panel
ZNF691,1298,rest
PGRMC2,1299,rest
CDC25A,1300,panel
CAMP,1301,rest
ZNF589,1302,panel
DUSP7,1303,rest
OTUD4,1304,rest
LSM6,1305,panel
SLC25A46,1306,panel
CASP3,1307,panel
CMYA5,1308,rest
TERT,1309,panel
LEAP2,1310,rest
SLC35A1,1311,panel
TXLNB,1312,rest
CREBRF,1313,rest
RAET1E,1314,rest
COG5,1315,rest
KIF6,1316,rest
TEX47,1317,rest
GPER1,1318,panel
NOS3,1319,panel
SLC4A2,1320,rest
GBX1,1321,rest
ALDH7A1,1322,panel
FZD6,1323,rest
WASHC5,1324,panel
RPP25L,1325,rest
PSIP1,1326,panel
SYK,1327,panel
ABCA1,1328,rest
NFIL3,1329,panel
ZMAT4,1330,rest
KIF27,1331,rest
DYNLT3,1332,panel
KIAA1958,1333,rest
STOML2,1334,rest
BRWD3,1335,rest
MELK,1336,panel
CLDN2,1337,rest
WRN,1338,rest
INPPL1,1339,rest
CRYL1,1340,rest
KLHDC2,1341,panel
VSTM4,1342,rest
HPRT1,1343,panel
PIP4P1,1344,rest
CASP7,1345,panel
ZFYVE1,1346,rest
PACSIN3,1347,panel
HTRA1,1348,panel
CEP57,1349,panel
IL25,1350,rest
TRMT61A,1351,rest
NOLC1,1352,panel
FRS2,1353,panel
PCBD1,1354,panel
ILK,1355,panel
ATP9B,1356,rest
CYB5R2,1357,rest
KIAA0355,1358,panel
TRIM66,1359,rest
ATMIN,1360,panel
C16orf46,1361,rest
HDGFL3,1362,panel
CFAP52,1363,rest
BLCAP,1364,panel
PLEKHA7,1365,rest
CATSPER2,1366,rest
PLIN1,1367,rest
PEX11A,1368,panel
TERF2IP,1369,panel
PLK1,1370,panel
CLPX,1371,panel
SMAD3,1372,panel
PRR15L,1373,panel
CRK,1374,panel
CA4,1375,rest
GATAD2A,1376,rest
DHRS13,1377,rest
CORO6,1378,rest
TUBA1C,1379,rest
GPD1,1380,rest
CYP2S1,1381,rest
LENG8,1382,rest
TRAPPC9,1383,rest
DNAAF3,1384,rest
TMIGD2,1385,rest
TLCD3A,1386,panel
GLOD4,1387,panel
TSR1,1388,rest
TRPV3,1389,rest
ANGPTL4,1390,rest
CD320,1391,panel
HID1,1392,rest
KCTD5,1393,panel
TRANK1,1394,rest
CTNNB1,1395,rest
MAJIN,1396,rest
PBK,1397,rest
RAB4A,1398,panel
MAPK1IP1L,1399,panel
DDIT4,1400,panel
NT5DC2,1401,panel
KIF5C,1402,panel
THAP11,1403,panel
KCTD6,1404,rest
XIRP1,1405,rest
ARF4,1406,rest
MLKL,1407,rest
COG7,1408,panel
RAB31,1409,panel
GBX2,1410,rest
TMEM223,1411,rest
STAT3,1412,panel
PKIG,1413,panel
TET2,1414,rest
TSPAN5,1415,rest
MAT2A,1416,panel
PPIC,1417,panel
STXBP6,1418,rest
ATF5,1419,panel
NSMCE1,1420,rest
RGS14,1421,rest
TBC1D10B,1422,rest
ADRB2,1423,panel
STK32A,1424,rest
ELSPBP1,1425,rest
PTK2,1426,panel
CLIC4,1427,panel
DTWD2,1428,rest
VPREB1,1429,rest
INO80E,1430,rest
DFFB,1431,panel
DUS1L,1432,rest
RFNG,1433,panel
ROBO1,1434,rest
NANP,1435,rest
FAXDC2,1436,rest
CRTAP,1437,panel
STX8,1438,rest
CDK1,1439,panel
FOS,1440,panel
TMED10,1441,panel
SEMA3E,1442,rest
NUDT9,1443,panel
ELOVL6,1444,panel
HSPA4,1445,panel
HOXB9,1446,rest
CDCA4,1447,panel
LMOD2,1448,rest
TRIAP1,1449,rest
KIAA0232,1450,rest
OR7G2,1451,rest
FEZ2,1452,panel
RLN3,1453,rest
RBKS,1454,panel
GRIK1,1455,rest
SMR3B,1456,rest
CSN3,1457,rest
SCAND1,1458,panel
SHCBP1,1459,rest
GAA,1460,panel
CANT1,1461,panel
PGAM1,1462,panel
POLR1C,1463,panel
ZNF318,1464,panel
WIPF2,1465,panel
NLRP5,1466,rest
CLSTN1,1467,panel
ZNF274,1468,panel
ZIK1,1469,rest
TCEA2,1470,panel
GATM,1471,rest
NXNL1,1472,rest
BCL2,1473,panel
METTL18,1474,rest
FAM90A1,1475,rest
KLF17,1476,rest
ATPAF2,1477,rest
MAL,1478,rest
RAB33B,1479,rest
NME6,1480,rest
CYCS,1481,panel
SNTB1,1482,rest
MALT1,1483,panel
ZNF131,1484,panel
OR5A2,1485,rest
C2CD2L,1486,panel
ARNT2,1487,panel
RSPH9,1488,rest
OR9G4,1489,rest
RAD9A,1490,panel
NAA16,1491,rest
OR10W1,1492,rest
KRT2,1493,rest
OXSR1,1494,panel
RXFP4,1495,rest
PARP15,1496,rest
TUBB8P12,1497,rest
GLRX,1498,panel
SYT12,1499,rest
DMRT2,1500,rest
TRIB1,1501,panel
DAG1,1502,panel
DAB1,1503,rest
ZNRD2,1504,rest
SMARCC1,1505,panel
NABP1,1506,rest
SCAI,1507,rest
C11orf80,1508,rest
STAT5B,1509,panel
NET1,1510,panel
PHC3,1511,rest
GOLIM4,1512,rest
TLR10,1513,rest
FAM53A,1514,rest
DDX23,1515,rest
GOLGA6L2,1516,rest
IGDCC3,1517,rest
AKIRIN1,1518,rest
BRSK2,1519,rest
B4GAT1,1520,panel
GLMN,1521,rest
KCTD13,1522,rest
FUT1,1523,panel
ZIC4,1524,rest
SLC22A1,1525,rest
CHST2,1526,rest
UBE2C,1527,panel
VCPIP1,1528,rest
SPSB4,1529,rest
PSMD2,1530,panel
FAM131A,1531,rest
PCCA,1532,rest
ARHGAP1,1533,panel
CCNE2,1534,panel
ZNF25,1535,rest
CLTB,1536,panel
TBC1D10C,1537,rest
POLD4,1538,panel
DRAP1,1539,panel
FOSL1,1540,panel
CCDC85B,1541,panel
RUVBL1,1542,panel
SFN,1543,panel
MSRA,1544,panel
SWI5,1545,rest
PLEKHD1,1546,rest
TUBB6,1547,panel
CHMP6,1548,panel
OR11H4,1549,rest
ZNF404,1550,rest
ZNF575,1551,rest
CCDC121,1552,rest
CDK5R1,1553,panel
OR52E2,1554,rest
OR51G2,1555,rest
PXMP2,1556,panel
TCIM,1557,rest
FIBIN,1558,rest
SEC24C,1559,rest
CLVS1,1560,rest
TIMM22,1561,panel
ZBTB33,1562,rest
OR2G2,1563,rest
ZBED2,1564,rest
FAM187B,1565,rest
JUN,1566,panel
IL17RA,1567,rest
DNAJC28,1568,rest
SLC35G5,1569,rest
ZNF619,1570,rest
CCDC184,1571,rest
ALS2CL,1572,rest
MLF1,1573,rest
STAP2,1574,panel
DDX10,1575,panel
LCORL,1576,rest
GALNT11,1577,rest
NEUROG2,1578,rest
P4HTM,1579,panel
UCN3,1580,rest
SUZ12,1581,panel
GP5,1582,rest
EXOSC4,1583,panel
CYBC1,1584,rest
AURKB,1585,panel
RRS1,1586,panel
CYP11B2,1587,rest
GATA2,1588,panel
MROH1,1589,rest
SERTAD2,1590,rest
NKPD1,1591,rest
ZNF648,1592,rest
CCR8,1593,rest
PUF60,1594,panel
SOCS4,1595,rest
C3orf80,1596,rest
WFDC11,1597,rest
MEIOC,1598,rest
C11orf71,1599,rest
NRIP1,1600,panel
FUT7,1601,rest
YOD1,1602,rest
GPR157,1603,rest
MAP6D1,1604,rest
GPR62,1605,rest
ADIPOQ,1606,rest
SLC25A41,1607,rest
DDN,1608,rest
SOX2,1609,panel
TMEM45A,1610,rest
EDDM3A,1611,rest
COPG1,1612,rest
ADO,1613,panel
CCDC149,1614,rest
GET1,1615,panel
FAM181B,1616,rest
ZNF716,1617,rest
ASB18,1618,rest
EXT1,1619,panel
SHMT2,1620,rest
BACE2,1621,panel
C1S,1622,rest
TRAPPC6B,1623,rest
BGN,1624,rest
MFSD5,1625,rest
ADI1,1626,panel
SATB1,1627,panel
TSKU,1628,panel
NGRN,1629,panel
ACBD3,1630,panel
C16orf72,1631,rest
RGS7,1632,rest
HMGN4,1633,rest
MTA1,1634,panel
PYCR1,1635,panel
NAA38,1636,rest
PTGDR2,1637,rest
GJD3,1638,rest
TFDP3,1639,rest
MX2,1640,rest
PSMG1,1641,panel
TNFAIP8L3,1642,rest
ZNF530,1643,rest
TMEM50A,1644,panel
ACP7,1645,rest
CHEK2,1646,panel
AIFM3,1647,rest
PNMA3,1648,rest
ZNF730,1649,rest
PRKX,1650,panel
UQCR10,1651,rest
NIPSNAP1,1652,panel
KCNQ3,1653,rest
CRELD2,1654,panel
DEFB108B,1655,rest
COPB2,1656,panel
C1QTNF8,1657,rest
FOXO4,1658,panel
PROS1,1659,panel
MED12,1660,rest
HIST2H2BE,1661,panel
CLDN6,1662,rest
PRR16,1663,rest
TMEM186,1664,rest
BTBD6,1665,rest
LCN12,1666,rest
CHRM5,1667,rest
DGAT1,1668,rest
MIXL1,1669,rest
MC2R,1670,rest
PRPF39,1671,rest
C12orf56,1672,rest
ATP6V0A2,1673,rest
HGS,1674,rest
MUC1,1675,panel
IRF7,1676,rest
PDIA2,1677,rest
NDUFA4L2,1678,rest
NTF3,1679,rest
SNAI3,1680,rest
SPATA31A6,1681,rest
MORF4L1,1682,rest
SLC52A2,1683,rest
IKZF1,1684,panel
PRSS38,1685,rest
LCE3E,1686,rest
PLK5,1687,rest
TAL2,1688,rest
LRRC70,1689,rest
GPAT2,1690,rest
TMEM212,1691,rest
KRT3,1692,rest
DEFB132,1693,rest
INSIG1,1694,panel
ZNF396,1695,rest
GPATCH8,1696,panel
LYRM7,1697,rest
CXCR3,1698,rest
SERPINA11,1699,rest
ZNF395,1700,panel
EMID1,1701,rest
LILRA5,1702,rest
RNF220,1703,rest
LHFPL3,1704,rest
CHP1,1705,panel
COL4A1,1706,panel
SBK2,1707,rest
USP7,1708,panel
SAMD11,1709,rest
ERAS,1710,rest
C9orf153,1711,rest
KRTAP10-8,1712,rest
DNAH17,1713,rest
PLSCR3,1714,panel
EIF4EBP1,1715,panel
UBQLN2,1716,panel
ZNF490,1717,rest
ARL4C,1718,panel
PLSCR1,1719,panel
C10orf99,1720,rest
PPP3R2,1721,rest
PAQR9,1722,rest
ZNF177,1723,rest
IDO2,1724,rest
RBM34,1725,panel
CATSPER4,1726,rest
FBF1,1727,rest
INSYN2A,1728,rest
MSANTD1,1729,rest
ZNF292,1730,rest
ZNF527,1731,rest
S100A13,1732,panel
RRP7A,1733,rest
ZNF724,1734,rest
TDRD7,1735,rest
S100A4,1736,panel
FUT4,1737,rest
ZNF34,1738,rest
PTPN1,1739,panel
EVL,1740,panel
ZNF124,1741,rest
PIK3R4,1742,panel
MME,1743,rest
LAMA2,1744,rest
OR5AC2,1745,rest
HDAC2,1746,panel
MMP1,1747,panel
ADH1B,1748,rest
RABL6,1749,rest
ZNF418,1750,rest
POU3F4,1751,rest
TLE1,1752,panel
OR11G2,1753,rest
NHLRC2,1754,rest
ARHGEF12,1755,panel
LAGE3,1756,panel
ZNF441,1757,rest
SIGLEC15,1758,rest
IGF2R,1759,panel
SRC,1760,panel
ENTPD4,1761,rest
TBC1D9B,1762,panel
HIST1H4J,1763,rest
GTF2E2,1764,panel
ZNF165,1765,rest
LRP10,1766,panel
PDGFA,1767,panel
GALP,1768,rest
CXorf40A,1769,rest
SPTAN1,1770,panel
PSAP,1771,rest
FAM118B,1772,rest
ZNF181,1773,rest
ADH5,1774,panel
TEAD4,1775,rest
ERO1A,1776,panel
AADACL2,1777,rest
S100A6,1778,rest
MPZL1,1779,panel
DLGAP2,1780,rest
AVPR1B,1781,rest
AKR1B10,1782,rest
TFDP1,1783,panel
HSD17B11,1784,panel
DDX42,1785,panel
SPRED2,1786,panel
GFPT1,1787,panel
UVRAG,1788,rest
TXNRD1,1789,panel
ANKRD35,1790,rest
ZNF28,1791,rest
KCNRG,1792,rest
CTNND1,1793,panel
RYR2,1794,rest
KLHL9,1795,panel
MT-ND6,1796,rest
F5,1797,rest
PNP,1798,panel
FOXJ3,1799,panel
CHAMP1,1800,rest
UBE2J1,1801,panel
MT-ND4,1802,rest
SHISA4,1803,rest
CAPZA2,1804,rest
KIAA0753,1805,panel
KIF1BP,1806,panel
OR2L2,1807,rest
COX20,1808,rest
SPRR2E,1809,rest
PCMTD2,1810,rest
C1orf185,1811,rest
GIGYF2,1812,rest
RUFY2,1813,rest
NHSL2,1814,rest
ZDHHC18,1815,rest
DAXX,1816,panel
PFDN6,1817,rest
RING1,1818,rest
PSMB8,1819,panel
PJVK,1820,rest
SKIV2L,1821,panel
SPANXN5,1822,rest
HSPA1A,1823,panel
MPIG6B,1824,rest
PRAMEF14,1825,rest
MICB,1826,rest
ABCF1,1827,panel
DDR1,1828,panel
IL31,1829,rest
MAS1L,1830,rest
OR2J3,1831,rest
TCTN1,1832,panel
KRTAP1-4,1833,rest
ZNF155,1834,rest
ZNF425,1835,rest
TRIM13,1836,panel
FAM71F2,1837,rest
PSMB10,1838,panel
ADGRG1,1839,panel
OR52J3,1840,rest
OR51A4,1841,rest
ARRDC5,1842,rest
BHLHA9,1843,rest
RNPS1,1844,panel
JPT2,1845,panel
FOXL2NB,1846,rest
TMEM200C,1847,rest
CFAP44,1848,rest
SELENOH,1849,rest
SACM1L,1850,panel
TSN,1851,rest
NUP62,1852,panel
SCAF8,1853,rest
MLLT11,1854,panel
NRAS,1855,panel
GSTM2,1856,panel
ARHGAP19,1857,rest
STIMATE,1858,panel
C8orf82,1859,rest
VDAC1,1860,panel
PPM1N,1861,rest
DNASE1,1862,rest
CSNK1E,1863,panel
REPIN1,1864,rest
TSPAN4,1865,panel
MYCBP,1866,panel
MINDY4B,1867,rest
FIS1,1868,panel
DEFB133,1869,rest
ZNF727,1870,rest
IFRD2,1871,panel
FASTKD5,1872,panel
GAGE10,1873,rest
ZNF705D,1874,rest
NPEPL1,1875,panel
DEFB116,1876,rest
CEBPZOS,1877,rest
PLXNA4,1878,rest
CEBPD,1879,panel
APOL6,1880,rest
CCNL2,1881,rest
OR52B4,1882,rest
CDRT15,1883,rest
USP17L15,1884,rest
PLEKHM1,1885,panel
C14orf132,1886,rest
PARG,1887,rest
LTB,1888,rest
C2orf92,1889,rest
FNDC10,1890,rest
ARL17B,1891,rest
CCDC192,1892,rest
HSBP1,1893,rest
PLSCR5,1894,rest
RNF224,1895,rest
IFNA13,1896,rest
UQCRHL,1897,rest
PAGE2,1898,rest
TRIM26,1899,rest
MCIDAS,1900,rest
BRD3OS,1901,rest
MFRP,1902,rest
PATE3,1903,rest
ZBTB22,1904,rest
AL354761.1,1905,rest
ARHGEF38,1906,rest
CKMT1B,1907,rest
PATE4,1908,rest
TMEM250,1909,rest
TEX35,1910,rest
LY6G5B,1911,rest
SMKR1,1912,rest
PCDHGC5,1913,rest
MIF,1914,panel
KRTAP5-8,1915,rest
SERPINB10,1916,rest
PRAF2,1917,panel
AMY2A,1918,rest
UPK3B,1919,rest
IL10RB,1920,rest
UBE2V1,1921,rest
CEBPA,1922,panel
TWF2,1923,panel
INSL3,1924,rest
SPATS1,1925,rest
HS3ST5,1926,rest
PTTG2,1927,rest
AC010255.3,1928,rest
USP17L23,1929,rest
PRB1,1930,rest
PTX4,1931,rest
OC90,1932,rest
PCDHGA12,1933,rest
HOXA10,1934,panel
CLDN23,1935,rest
ZNF260,1936,rest
LYN,1937,panel
PINX1,1938,rest
NPIPB11,1939,rest
CHMP4A,1940,panel
SMIM35,1941,rest
OR6J1,1942,rest
COA8,1943,rest
ZNF225,1944,rest
POLG2,1945,panel
CNPY2,1946,rest
SLC22A31,1947,rest
RBM15B,1948,panel
KCNJ18,1949,rest
FIGNL2,1950,rest
SCRT1,1951,rest
MIA,1952,rest
IKBKE,1953,panel
NBPF15,1954,rest
UPK3BL1,1955,rest
EDDM13,1956,rest
TRABD2B,1957,rest
PRAMEF5,1958,rest
ANKRD34A,1959,rest
GRIN2B,1960,rest
NBPF26,1961,rest
ZBTB8B,1962,rest
AGBL1,1963,rest
CEACAM20,1964,rest
NUDT18,1965,rest
FCGBP,1966,rest
DUSP14,1967,panel
CCL3L1,1968,rest
HIST1H4I,1969,rest
KCNE1B,1970,rest
PIP4K2B,1971,panel
PKD1L3,1972,rest
TEX28,1973,rest
OR8K3,1974,rest
PAGR1,1975,rest
SPRR5,1976,rest
FAM237B,1977,rest
FAM240B,1978,rest
C19orf85,1979,rest
SLURP2,1980,rest
SCO2,1981,rest
AC084121.12,1982,rest
