gene_symbol,challenge_idx,source_col,split,ctrl_mean,ctrl_std
TSPAN6,0,1224,panel,0.1232887,0.25786522
FUCA2,2,439,rest,0.5691602,0.47214878
BAD,3,699,panel,0.5240506,0.44721925
LAP3,4,292,panel,0.19791709,0.31948864
SNX11,5,1036,panel,0.061448343,0.18743356
CFLAR,7,181,panel,0.16022025,0.3028336
FKBP4,8,736,panel,0.6172753,0.49959862
RBM6,9,225,panel,0.2441964,0.35864627
SLC25A13,10,486,panel,0.11879349,0.25998127
ST7,11,500,panel,0.086289145,0.22388768
UPF1,12,1106,rest,0.15698364,0.29475987
CIAPIN1,13,961,panel,0.27523896,0.37134558
WDR54,14,154,rest,0.51033217,0.45609578
MYCBP2,15,812,panel,0.42486653,0.43633974
RALA,18,465,panel,0.6187912,0.47987735
ETV1,19,455,panel,0.17676404,0.3247513
PAF1,21,1119,panel,0.2764989,0.37320912
ELAC2,22,1005,panel,0.22217475,0.33445233
PAFAH1B1,25,989,panel,0.721259,0.4886356
KIAA0100,26,1012,panel,0.23638746,0.34235415
PSMB1,29,447,rest,1.5726744,0.42935392
SYPL1,30,495,panel,0.5568381,0.4658973
CYB561,31,1044,panel,0.08866057,0.22642913
UBE3C,33,516,panel,0.22527066,0.34351066
NCAPD2,35,740,panel,0.571624,0.5365464
NISCH,37,233,panel,0.05453442,0.17598742
FYN,39,432,panel,0.28280532,0.37374482
AKAP8L,42,1101,panel,0.17683482,0.30899775
BRCA1,44,1029,panel,0.41725248,0.47070223
UBR7,46,870,panel,0.16280401,0.30582172
MAP4K5,47,844,rest,0.4389318,0.44192398
MVP,48,949,panel,0.32351854,0.39308745
HEBP1,49,746,panel,0.6142736,0.49113008
CAPN1,52,701,panel,0.33437186,0.40109572
BID,53,1186,panel,0.31664738,0.39686993
NUDCD3,54,469,panel,0.18923487,0.3241035
ATP2C1,55,259,panel,0.3388304,0.39815727
MNAT1,56,856,panel,0.35189372,0.40091124
ZDHHC6,58,664,panel,0.27404267,0.3758384
RNH1,59,673,panel,0.8225463,0.5118764
ALAS1,60,231,panel,0.11699742,0.25983027
DERA,61,747,panel,0.5661581,0.49023682
TOMM34,62,1155,panel,0.4434593,0.43565708
FAS,63,650,panel,0.17069376,0.3101998
CD44,64,686,panel,1.5989876,0.4533496
TBPL1,67,438,panel,0.20319149,0.32898727
RABEP1,68,995,rest,0.41496637,0.43489072
GRN,69,1031,panel,0.41345817,0.43301073
APBA2,70,882,rest,0.058641292,0.18908834
NSMAF,71,543,rest,0.122636095,0.26131523
TIMP2,72,1051,panel,0.76644456,0.5113208
RIPOR1,74,964,rest,0.1860032,0.3156959
RAI14,75,337,panel,1.0506195,0.54067224
JADE2,76,364,panel,0.11443916,0.26025912
DSG2,78,1065,panel,0.53752166,0.48727903
RFC2,80,475,panel,0.38334766,0.43301865
MCUR1,81,394,panel,0.4754226,0.4446601
MAPK9,82,384,panel,0.23568206,0.34372586
HERPUD1,83,960,panel,0.2954311,0.40078485
PIK3CB,84,264,rest,0.14866926,0.28999075
RRP12,85,656,panel,0.18187894,0.3124045
AKR7A2,86,11,panel,0.5620976,0.48568514
TRAPPC3,88,24,panel,0.5306588,0.45119804
THRAP3,89,25,rest,1.0310068,0.52661663
ARID4B,90,125,panel,0.4118996,0.44204143
SYNE2,91,859,panel,0.59129035,0.5449654
DCBLD2,92,244,rest,2.012245,0.4553553
PKP2,94,755,rest,0.080443956,0.21926379
ATP11B,95,278,panel,0.17848875,0.30871344
PPP1R12A,96,775,rest,0.7071134,0.526044
ATP2B4,97,107,rest,0.47798908,0.46491554
TARBP1,98,124,panel,0.09266739,0.23226978
SLC2A3,99,744,rest,0.06628539,0.19945957
ACAA1,102,212,panel,0.22998363,0.33982584
SPAG4,103,1148,panel,0.071266145,0.20901936
APPBP2,107,1042,panel,0.20653868,0.32701966
GPC1,108,198,panel,0.17861958,0.3059801
HMG20B,110,1079,panel,0.40464425,0.4221753
TAF11,111,409,rest,0.22827594,0.34726605
AP3D1,112,1075,rest,0.49564373,0.45441273
TRAM2,113,421,panel,0.5365478,0.48227948
DGKA,114,763,rest,0.1116969,0.24806367
ADAT1,116,975,panel,0.12222425,0.2644312
SPEN,118,8,panel,0.42015684,0.44633222
MYLK,119,251,panel,0.7583205,0.54628545
MTHFD2,121,153,panel,0.40136927,0.42982984
PPP2R5A,122,111,panel,0.110203214,0.25368646
ELAVL1,123,1083,panel,0.50847834,0.4475955
KDM4A,124,35,rest,0.100802734,0.2395797
ISOC1,127,358,panel,0.07511385,0.21535273
ATG2B,128,871,rest,0.093649805,0.22806299
MTFR1,129,544,panel,0.14654902,0.28830928
PLPP1,130,344,rest,0.058993787,0.18382573
DHX29,132,343,panel,0.5552605,0.45690158
DNTTIP2,133,61,panel,0.60054153,0.4792843
TP53BP1,134,888,panel,0.31584495,0.3906399
RHOA,135,222,panel,1.54524,0.46545696
IARS2,136,115,panel,0.5149401,0.47706184
HEATR6,137,1041,rest,0.08242885,0.21978557
COASY,138,1026,panel,0.2103287,0.3314019
TFE3,139,1216,rest,0.12784177,0.2688175
FTSJ1,140,1213,rest,0.23703086,0.35867798
NUP133,141,122,panel,0.14470214,0.28409407
GNB5,143,893,panel,0.18593279,0.31216094
RAB27A,144,895,panel,0.25089473,0.36630082
ELP1,146,597,panel,0.11961585,0.2593963
NUCB2,147,682,panel,0.57948846,0.48420694
JMJD6,148,1049,panel,0.12495698,0.27195448
POLB,149,539,panel,0.12814452,0.26815337
CSNK2A2,151,962,panel,0.34070137,0.4044806
TCOF1,152,375,rest,0.31889457,0.40169343
NCK2,153,163,panel,0.08270624,0.22277711
MAP4K4,154,160,panel,0.9037008,0.5349588
SNX13,155,457,panel,0.18039997,0.3200978
PDCD2,156,449,rest,0.59314644,0.48093784
PRKACA,157,1097,panel,0.18627417,0.32452914
EPN2,159,1008,panel,0.13273682,0.27793223
SMC1A,160,1219,panel,0.63409317,0.50947696
HSD17B10,161,1220,panel,0.46682817,0.44456956
P4HA2,162,360,panel,0.37683332,0.4149331
NFATC3,163,969,panel,0.053796433,0.17933095
STK10,164,377,panel,0.06362751,0.19851802
SCARB1,166,794,panel,0.08178552,0.21446949
KDM5A,167,735,panel,0.66013277,0.49810892
FERMT2,168,848,rest,0.47439623,0.45285034
IGF2BP2,171,284,panel,0.37266117,0.4062957
EED,173,716,panel,0.11899472,0.2633684
BCS1L,174,189,rest,0.13856727,0.27803916
HACD3,175,902,panel,0.69225454,0.49349523
TUBE1,176,433,rest,0.047641687,0.16600174
TIPIN,177,903,rest,0.20303175,0.34182146
FOSL2,178,137,rest,0.21857594,0.35074818
RAB7A,180,256,rest,0.7929894,0.4962263
ICAM3,181,1089,panel,0.12743564,0.27617344
TM9SF3,184,654,panel,1.1351069,0.5205085
NFKB2,185,659,panel,0.06701183,0.20186287
IL4R,186,947,panel,0.06272363,0.18790793
USP33,187,56,rest,0.3215664,0.40863404
UBE2A,188,1231,panel,0.5481978,0.4680868
FGFR1,189,536,rest,0.3534824,0.4213943
PIK3C3,190,1067,panel,0.22653233,0.3405924
N4BP2,191,299,rest,0.07661389,0.2102738
EDN1,193,392,panel,0.06673792,0.23620595
MLLT10,194,625,rest,0.12450351,0.2665859
PCM1,196,521,panel,0.69788945,0.53610593
ITCH,197,1147,rest,0.22156954,0.34494126
XRCC5,198,186,rest,1.8178426,0.4618497
MKNK1,199,45,panel,0.09122455,0.22762766
FDFT1,200,520,panel,0.26081732,0.35759395
PAFAH1B3,201,1122,panel,0.5794024,0.45581815
CARMIL1,202,397,panel,0.07137328,0.203712
PGM1,203,53,panel,0.35488063,0.4150666
EPB41L2,204,437,panel,0.3583427,0.42476788
KEAP1,205,1090,panel,0.21488564,0.33756572
RAB21,206,774,panel,0.32514462,0.38858378
SESN1,207,430,panel,0.03528366,0.14427459
CNOT4,208,505,panel,0.1923671,0.31001383
MOK,209,874,panel,0.38453057,0.4243069
AACS,213,795,rest,0.08373263,0.21979813
ME2,216,1068,panel,0.23198403,0.34751904
NFE2L1,217,1035,rest,0.44523227,0.4418096
ITGB5,218,253,panel,0.73132384,0.50671226
PALB2,219,944,rest,0.09243096,0.22736794
KAT6A,220,537,panel,0.222068,0.34202692
PLOD1,221,7,rest,0.34019822,0.40697345
OXCT1,222,338,panel,0.36506164,0.40800023
FAT1,224,332,panel,0.55173206,0.48150817
PPIE,225,30,panel,0.24459931,0.3576442
TXLNA,227,22,panel,0.32424337,0.3876488
MECOM,229,274,rest,0.15683773,0.29429343
MAP3K4,230,446,panel,0.1901236,0.31441236
AKR1B1,232,504,rest,0.6608226,0.4830932
CPNE3,233,549,panel,0.66856056,0.49556023
RRN3,234,939,rest,0.1451397,0.28059444
CTTN,235,710,panel,0.7648138,0.48770598
ORC1,236,48,panel,0.06797537,0.20185132
CHERP,237,1102,panel,0.12423527,0.25942552
MAST2,238,42,panel,0.08858672,0.22566633
CHMP5,239,582,rest,0.5276527,0.4657159
ZW10,241,725,panel,0.15760118,0.292336
SRRT,242,490,rest,0.46121398,0.46854806
BAX,243,1128,panel,0.9015777,0.52982134
PIGS,244,1011,rest,0.15536258,0.29588434
MMP2,245,958,panel,1.4217136,0.5086474
NID2,246,846,rest,0.24649003,0.36391035
DNM1L,247,754,panel,0.5729146,0.4776861
ERGIC2,248,752,rest,0.8712297,0.5273778
AURKA,249,1161,panel,0.45831156,0.6031276
GNA11,250,1078,panel,0.22357303,0.33118585
ANKRD10,251,821,panel,0.11205952,0.25104132
MAPKAPK5,253,784,panel,0.14892639,0.2897084
SLC23A2,254,1143,rest,0.070630215,0.20066933
PXN,257,788,panel,0.28476125,0.3867911
IGBP1,259,1222,rest,0.35363397,0.40738884
BIRC5,260,1050,panel,0.8756028,0.59867656
MCOLN1,262,1082,panel,0.1279755,0.27037436
AARS,263,971,panel,0.208128,0.340406
DLD,264,497,panel,0.27007902,0.3629523
SPAG7,266,994,panel,0.42531145,0.42659107
PSME1,267,830,panel,0.77403,0.49439245
PPP2R3C,268,837,panel,0.25713575,0.3615014
PHGDH,270,71,panel,0.53402156,0.48654112
CDC45,271,1187,panel,0.18658413,0.33253783
HOOK2,274,1096,panel,0.07678655,0.21170928
BAMBI,275,627,panel,0.1413617,0.29428264
HSP90AB1,277,419,rest,2.859657,0.38417244
ABL1,278,614,panel,0.29792646,0.3965135
KCNK6,280,1115,rest,0.19741485,0.3460595
CIRBP,281,1073,panel,0.919649,0.523108
RASSF7,282,674,rest,0.16254462,0.30546182
GADD45B,283,1077,panel,0.2785215,0.40035215
CRKL,284,1188,panel,0.08521741,0.22324587
SF3A1,285,1194,rest,0.3338044,0.39153764
GGA1,287,1200,rest,0.14111978,0.27847934
MICALL1,288,1201,panel,0.12259632,0.26900098
XBP1,289,1191,panel,0.3343616,0.41611552
JOSD1,290,1203,rest,0.2225759,0.34173036
FBXO7,291,1195,panel,0.28173345,0.3717803
HMOX1,292,1196,panel,0.2514041,0.4172809
MCM5,293,1197,rest,0.3588284,0.43499485
RBFOX2,294,1198,rest,0.48928759,0.45404154
CERK,296,1205,panel,0.25820678,0.36354515
SDR39U1,298,833,rest,0.16026452,0.29712763
POLE2,300,841,panel,0.09996039,0.24048011
PYGL,301,845,panel,0.2033988,0.3271079
CGRRF1,302,850,panel,0.07334517,0.20676494
ATP6V1D,303,861,panel,0.66084784,0.47370306
TIMM9,304,854,panel,0.3272007,0.4099503
GSTZ1,305,865,panel,0.15042418,0.2937124
SPTLC2,306,866,panel,0.19566351,0.3200242
LGMN,307,869,panel,0.05463528,0.18119104
SNW1,308,868,rest,0.5418042,0.4605525
DHRS7,309,855,panel,0.16669117,0.3030889
HIF1A,310,857,panel,1.3112917,0.59403664
SRSF5,311,862,rest,0.8030384,0.50442976
EIF5,312,875,panel,1.3244517,0.51824206
NFKBIA,314,838,panel,0.14858507,0.29365227
PSME2,315,831,panel,0.7837581,0.49516007
MYBL2,318,1153,panel,0.28773206,0.40481135
ADNP,319,1160,rest,0.3820842,0.43156642
RAE1,320,1162,panel,0.21838748,0.34515008
TPD52L2,321,1169,panel,0.38173452,0.41068292
PRPF6,322,1170,rest,0.34648457,0.39743158
TCFL5,324,1167,panel,0.06815715,0.19966778
CDC25B,326,1142,panel,0.18473986,0.33982202
NDUFAF5,327,1145,rest,0.10057886,0.23905486
TRIB3,328,1139,panel,0.06805514,0.2198986
MYL9,330,1150,panel,0.9581806,0.72150993
USP14,332,1059,panel,0.9165469,0.5118457
RNMT,333,1063,panel,0.33445928,0.40011626
PSMD10,334,1227,panel,0.2383007,0.34406686
PGRMC1,336,1230,panel,0.45841148,0.43815574
MID1,337,1209,rest,0.11665008,0.26093516
PLP2,339,1218,panel,1.2331562,0.51488936
PLS3,340,1228,rest,0.9854518,0.53155905
NAA10,341,1240,rest,0.7591369,0.4840814
SLC25A14,342,1235,panel,0.06429578,0.19278754
FMR1,343,1238,rest,0.22994502,0.34630468
HTATSF1,345,1237,panel,0.46906447,0.44796598
NDFIP2,346,814,rest,0.24098486,0.3565201
FNDC3A,348,808,rest,0.3564033,0.4080295
PHKB,350,957,panel,0.27617896,0.3767665
LYRM1,351,942,panel,0.15561475,0.2898598
NUP93,352,959,panel,0.21263462,0.34595335
ACD,353,965,panel,0.1889284,0.32890663
COG4,356,972,panel,0.2290721,0.34584486
PLA2G15,357,970,panel,0.13257964,0.26828128
MON1B,358,977,rest,0.09758209,0.239529
AXIN1,359,920,panel,0.06629589,0.20258048
MPG,360,919,rest,0.6323606,0.48898944
CIAO3,361,924,panel,0.069789484,0.20726235
SLC7A5,362,981,rest,0.2875919,0.40266234
METRN,363,923,panel,1.4460475,0.46938708
STUB1,364,922,panel,0.8781586,0.5013774
DNAJA3,365,933,panel,0.16742662,0.30111736
STX4,366,954,panel,0.24150696,0.34409076
CCP110,367,941,panel,0.17140785,0.31283772
CSK,368,909,panel,0.20093565,0.32965434
FAH,370,914,panel,0.31653938,0.3873518
GABPB1,372,892,panel,0.119208895,0.26280668
TJP1,373,883,panel,0.5612679,0.4785222
DECR1,374,550,panel,0.4435835,0.44426468
POP1,375,554,rest,0.14027236,0.27919698
IKBKB,376,538,panel,0.14247894,0.2789861
SPAG1,377,556,rest,0.105597034,0.24178757
SNX16,378,548,rest,0.064068116,0.19188057
TSTA3,379,567,panel,0.47636402,0.4588284
PYCR3,380,566,rest,0.09529494,0.24051598
PPP2CB,381,533,rest,0.3375602,0.3984189
ASAH1,382,522,panel,0.219442,0.33462515
BNIP3L,383,527,panel,0.8966863,0.53879267
MAN2B1,384,1094,panel,0.06872037,0.20085807
ECH1,385,1116,panel,0.3166641,0.39025682
NFKBIB,386,1117,panel,0.11211001,0.24822624
PIH1D1,389,1129,panel,0.54338205,0.4522557
PLEKHJ1,390,1076,panel,0.46904328,0.44472095
AKAP8,393,1100,panel,0.1375063,0.27377492
POP4,394,1109,panel,0.2950623,0.37129802
FSD1,395,1081,panel,0.14200714,0.280181
POLR2I,396,1113,panel,0.7191698,0.490738
ETFB,397,1134,panel,0.90210533,0.5185122
KDELR1,399,1126,rest,0.9761432,0.50754
GRWD1,400,1127,panel,0.26795974,0.37072122
LIG1,401,1125,panel,0.23297608,0.3574616
TMEM147,404,1112,rest,0.7079349,0.48799083
LSR,406,1111,panel,0.09622304,0.23934501
CDK6,407,482,panel,0.35836762,0.424468
TFPI2,408,483,rest,0.56707555,0.5004886
BET1,409,484,rest,0.18628402,0.31698516
PON2,410,485,rest,0.39350423,0.41990995
MPP6,411,458,rest,0.1700879,0.30829546
DNAJB6,412,517,panel,0.6863554,0.5076193
HIBADH,414,460,rest,0.21387862,0.34181577
GRB10,415,471,panel,0.16086508,0.30039716
FKBP14,416,463,panel,0.23240551,0.363521
STX1A,417,474,panel,0.09309121,0.23592062
CASP2,418,508,panel,0.096152216,0.24281675
HSPB1,419,477,panel,1.4673465,0.4765063
ZKSCAN1,420,489,rest,0.3960543,0.4412101
AIMP2,422,452,rest,0.30921423,0.39380622
IMPDH1,423,501,rest,0.24330331,0.35418314
LSM5,424,464,panel,0.95290315,0.51766783
SERPINE1,425,491,panel,1.6064067,0.6956601
PLOD3,426,492,panel,0.30294123,0.39267144
RPA3,427,454,panel,0.6839937,0.49951786
EZH2,429,509,panel,0.29690257,0.40885422
MEST,430,503,panel,0.7344612,0.5883196
BLVRA,431,467,panel,0.32076728,0.39518523
RHEB,432,512,panel,1.1305165,0.52815586
PRKAG2,433,513,panel,0.35199374,0.42082807
BCL7B,434,473,panel,0.24995703,0.3665088
YKT6,435,468,panel,0.2887464,0.38498363
DNM1,438,606,panel,0.07542918,0.21516731
AK1,439,605,rest,0.39036074,0.42895442
TBC1D13,440,611,rest,0.043374248,0.16054681
NCS1,441,613,rest,0.43243608,0.43659863
TESK1,442,585,panel,0.08366249,0.22008161
DDX58,443,581,rest,0.10441025,0.25050795
NPDC1,444,619,panel,0.5404266,0.4737561
SHB,446,588,panel,0.23673424,0.35440305
PDLIM1,447,653,panel,0.5541989,0.47880745
RAB11FIP2,449,667,panel,0.15811393,0.29180264
DDX50,450,636,rest,0.4219638,0.4245591
NSMCE4A,451,669,rest,0.4183518,0.44994044
BMPR1A,453,649,rest,0.14347295,0.2820404
LIPA,454,651,panel,0.1443531,0.28005657
PITRM1,455,620,rest,0.3057919,0.38996604
XPNPEP1,456,660,panel,0.21021064,0.32705438
SMC3,457,662,panel,1.1501397,0.58059746
ZMIZ1,458,648,panel,0.4030432,0.44342032
CASC3,459,1020,panel,0.18694201,0.31990972
RAD51C,460,1039,panel,0.2672301,0.36168507
RNF167,461,993,panel,0.3033634,0.38735554
NUP88,463,996,panel,0.22937791,0.34670115
BLMH,464,1013,panel,0.21551314,0.35098565
DRG2,465,1007,rest,0.17663284,0.30312854
SMARCD2,466,1046,panel,0.17580014,0.3079083
CCL2,468,1015,panel,0.034992307,0.20479293
RAB5C,470,1024,rest,0.73966354,0.48527995
COL1A1,471,1038,panel,0.045619197,0.17534286
VAT1,472,1028,panel,0.25892845,0.36461714
DUSP3,473,1030,panel,0.19369885,0.32137397
SLC9A3R1,476,1047,rest,0.4290064,0.4344194
TMEM97,478,1010,panel,0.13868226,0.27579233
DCUN1D4,480,302,panel,0.1486752,0.28413504
CHIC2,482,304,panel,0.2622398,0.3713997
NFKB1,483,315,rest,0.16457585,0.3056879
INPP4B,485,323,panel,0.2606156,0.3688049
WFS1,487,290,panel,0.08045334,0.21789326
TRIM2,488,327,panel,0.06623004,0.19666842
MFSD10,489,288,panel,0.45205703,0.44393444
NCAPG,490,294,rest,0.50887746,0.55379426
UGDH,491,297,panel,0.5521915,0.48276585
CCDC34,494,683,rest,0.3477305,0.418639
HSPA8,495,729,panel,2.238055,0.50783426
CPT1A,496,708,rest,0.2005659,0.33314052
CCND1,497,709,panel,2.1168795,0.54711306
CCDC86,498,694,panel,0.17471278,0.3106399
TMEM109,499,695,panel,0.3478825,0.41986617
BIRC2,500,719,panel,0.379609,0.4414913
PDHX,501,685,panel,0.13810407,0.27256206
PTPMT1,502,690,rest,0.20160869,0.32892975
SLC35F2,503,721,panel,0.16389078,0.3040391
NUP98,504,677,rest,0.25579304,0.363333
PSMD9,505,791,panel,0.711441,0.48828846
CAPRIN2,506,753,rest,0.31051466,0.389862
SLC11A2,507,759,panel,0.08959944,0.22862251
MLEC,508,790,panel,1.084426,0.5197963
ITFG2,511,737,rest,0.13015456,0.27000746
FOXM1,512,738,rest,0.46014896,0.48229742
CDKN1B,514,745,panel,0.43946365,0.46986768
RFC5,516,786,panel,0.17503121,0.30959523
TIMELESS,517,766,panel,0.22137469,0.34240595
COPS7A,518,741,panel,0.5189899,0.4546617
ENO2,519,742,rest,0.56917715,0.4963074
ATN1,520,743,rest,0.49141964,0.45552218
GOLT1B,522,748,panel,0.42330366,0.44474924
C2CD5,523,749,panel,0.094840504,0.23279133
RAB35,524,787,rest,0.14014183,0.2857261
PPARD,527,410,panel,0.15292916,0.28968313
MCM3,528,420,panel,0.5807831,0.53621083
MDN1,529,427,rest,0.25680482,0.37036246
ZNF451,530,422,panel,0.26892993,0.37700287
ASCC3,531,428,panel,0.569892,0.4872922
GMNN,532,396,panel,0.44433528,0.48256302
CCND3,534,413,panel,0.20771532,0.33778015
TBP,535,448,panel,0.059041362,0.18031657
PTK7,536,415,rest,0.14792226,0.2880317
DNPH1,537,416,rest,0.41697365,0.44163424
DUSP22,538,385,panel,0.06742437,0.19175193
EXOC2,539,386,rest,0.08833061,0.22517265
SENP6,540,423,panel,0.40652177,0.4395261
TENT4A,542,333,panel,0.073353045,0.20247446
HMGCS1,544,340,panel,0.052115437,0.17183392
KIF20A,545,366,panel,0.2359612,0.39191726
NNT,546,341,panel,0.251685,0.3473064
HMGCR,547,347,panel,0.10628221,0.2481014
GNPDA1,548,368,panel,0.31248417,0.4002589
SKP1,549,363,panel,1.8442558,0.40912205
NR3C1,550,369,panel,0.41895908,0.4432707
TCERG1,551,371,panel,0.5303565,0.46757567
CSNK1A1,552,373,panel,0.9950512,0.5013244
HMGXB3,553,374,rest,0.31019035,0.3862569
SMC4,554,272,panel,1.0974104,0.7131578
PCCB,555,261,panel,0.13513835,0.2727174
RNF7,556,266,rest,0.94176054,0.49511048
HES1,557,285,panel,0.3620907,0.44619238
GNAI2,558,226,panel,1.3808255,0.477646
NPRL2,559,228,panel,0.07745407,0.21288422
CBLB,560,247,panel,0.05341047,0.18453158
UMPS,562,252,rest,0.2685269,0.3695858
MAPKAPK3,564,229,panel,0.18227653,0.3126124
ABCC5,565,280,panel,0.069931224,0.20764644
EIF4G1,567,283,panel,1.2228361,0.5208135
TTL,568,164,rest,0.27479145,0.37652776
PIKFYVE,569,184,rest,0.08686591,0.2227387
NCL,570,195,rest,2.4752526,0.5603207
FN1,571,185,rest,2.7152946,0.719255
STAT1,572,177,panel,0.3520017,0.4129927
TXNDC9,576,158,panel,0.49020603,0.4424089
KDM3A,578,156,panel,0.15922496,0.298864
FHL2,580,162,panel,1.1872232,0.5798802
ABCB6,581,191,panel,0.066366,0.20162588
STK25,583,199,panel,0.35581765,0.39734206
ID2,584,132,panel,0.0521654,0.18474452
GORASP2,585,172,rest,0.4252742,0.43178678
CEBPZ,586,141,panel,0.42221,0.4331792
DARS,587,171,rest,0.5483855,0.4688285
TRAK2,589,182,panel,0.14439274,0.27575633
PCYOX1,590,147,rest,0.36611265,0.4066006
NFE2L2,591,175,panel,0.5021003,0.45294455
MSH6,592,142,panel,0.5998966,0.5319796
SPR,593,149,panel,0.09818605,0.23940782
SCP2,596,49,panel,0.44121784,0.44238475
FAM20B,597,99,panel,0.23675492,0.3386417
ICMT,598,2,panel,0.3768915,0.41594648
SRSF4,600,21,rest,0.60604554,0.48937052
CAPZA1,601,68,rest,0.759846,0.48066416
ARHGEF2,602,83,panel,0.11711369,0.259264
PLA2G4A,603,100,panel,0.1039856,0.25874224
GADD45A,604,54,panel,0.4094303,0.46981332
CRYZ,606,55,panel,0.1231053,0.26314783
CD58,607,70,panel,0.17615546,0.31231648
LGALS8,608,126,panel,0.15344258,0.29284075
AKT3,609,128,rest,0.32781893,0.40581706
SDHB,610,10,panel,0.53068185,0.46464252
KDM5B,611,105,panel,0.39980203,0.4508825
GALE,612,13,panel,0.41665724,0.444358
EBNA1BP2,613,32,panel,0.86334,0.51634026
CDC20,614,33,panel,0.605982,0.65024203
IPO13,615,36,panel,0.06524503,0.1926163
ATP6V0B,616,38,panel,1.1352091,0.4876409
PIK3R3,617,43,panel,0.11019353,0.2483325
RCAN3,619,14,rest,0.10428177,0.24585722
SLC35A3,620,65,panel,0.14621386,0.28572527
STMN1,621,17,panel,2.1110315,0.5759966
DHDDS,623,18,panel,0.11203367,0.24949184
NENF,624,112,panel,0.6810667,0.47643584
RPA2,625,20,panel,0.29730448,0.38537687
OSBPL9,626,47,rest,0.3174615,0.38878208
CTSD,627,676,panel,1.5907197,0.53995633
KIF14,628,101,panel,0.30761918,0.4784645
CAMSAP2,629,102,panel,0.35112706,0.40500736
ATF6,630,90,panel,0.2908512,0.37708586
CREB1,631,183,panel,0.21546865,0.3352937
RNF146,632,435,rest,0.10849574,0.2545647
RXYLT1,633,770,panel,0.2240407,0.347747
FOXO3,634,429,panel,0.15351753,0.2941487
SPP1,635,310,panel,0.25358775,0.4069766
ITGB1BP1,636,134,panel,0.91041315,0.49852726
CCDC92,637,793,panel,0.23213941,0.35461837
HEATR1,638,127,panel,0.24164699,0.36186236
RAD23B,639,596,rest,0.7610585,0.501552
CTNNAL1,640,598,panel,0.9454853,0.5100179
GLE1,641,608,rest,0.089340195,0.22807905
CNTRL,642,602,rest,0.14203379,0.29015923
ZBTB45,643,1138,rest,0.06630034,0.1949758
SLIRP,645,867,rest,1.1062706,0.5007816
SUPT7L,646,136,rest,0.111726485,0.25116408
IDE,648,652,panel,0.24472544,0.35708296
SMNDC1,649,661,panel,0.30164686,0.390548
MTHFD1L,650,441,rest,0.3347964,0.39277956
PCMT1,651,440,panel,0.73550904,0.49214086
CENPL,652,97,rest,0.12400134,0.2650669
GORAB,653,96,rest,0.054852873,0.18283546
ACAT2,654,444,panel,0.35366786,0.4164592
NUDCD1,655,559,rest,0.27286243,0.37509295
DNAJC15,656,806,panel,0.5855992,0.4702564
UFM1,657,804,panel,0.38089925,0.42583582
SMAD9,658,803,rest,0.08205554,0.21421832
EGR1,659,367,panel,0.03768666,0.17628022
NR2C1,661,777,rest,0.09563344,0.23180984
DUSP4,664,530,panel,0.2011598,0.34240738
SORBS3,665,525,panel,0.40515348,0.43087828
LYPLA1,668,540,panel,0.5561392,0.45681292
SLC35B1,670,1037,panel,0.3239707,0.38940525
CAT,671,684,panel,0.21825862,0.34977978
ZMYM2,672,797,panel,0.17452234,0.31077543
PIK3CA,673,277,panel,0.11856512,0.25599518
PDS5A,674,298,panel,0.42071387,0.43004787
ZRANB3,676,170,rest,0.079478085,0.21739744
FYTTD1,677,287,rest,0.347297,0.4116883
NAA60,679,931,rest,0.11927238,0.25921148
RWDD3,681,62,rest,0.13346538,0.2699091
SLC66A2,682,1072,rest,0.16801406,0.30354416
INHBA,684,466,rest,1.0928453,0.642082
DCAF10,685,587,rest,0.15268837,0.2908583
CISD1,686,630,panel,0.618603,0.48631608
ECD,687,643,panel,0.25299087,0.35819054
SSPN,688,750,rest,0.12501113,0.27696028
ACOT9,689,1210,panel,0.33493456,0.4042274
ADGRE5,690,1098,panel,0.09830845,0.24017948
WDR83,691,1095,rest,0.07644234,0.213414
SPRYD7,692,809,rest,0.22306225,0.3455408
ATF1,693,758,panel,0.13378693,0.27002984
CDK2,695,764,panel,0.11924345,0.26880082
LRP1,696,767,rest,0.4563928,0.4493652
LPGAT1,698,110,panel,0.36458707,0.40512434
PLA2G12A,700,319,rest,0.23009191,0.34050733
NCOA3,701,1157,panel,0.12239328,0.25901967
VAPB,702,1163,panel,0.30762613,0.38679874
SRSF6,703,1152,rest,0.3448075,0.40939143
STAMBP,705,152,panel,0.27531102,0.36775607
USP22,706,1009,panel,0.46486634,0.44370547
WRNIP1,708,387,rest,0.16422315,0.2938859
CDKN1A,712,411,panel,0.3718816,0.5306195
SOX4,713,395,panel,0.40148774,0.47572988
SSR1,714,390,rest,0.58605415,0.47721124
EFNB2,715,819,rest,0.22270724,0.37267444
TM9SF2,716,816,panel,0.34797275,0.40008813
UPF3B,717,1232,rest,0.23702487,0.35893255
DMAC2L,718,843,panel,0.14123042,0.28284928
BMP4,719,849,panel,0.10389409,0.26369563
NUP85,721,1048,panel,0.11318991,0.25280803
MSTO1,722,81,rest,0.10538175,0.23959939
MBOAT7,725,1135,panel,0.43441457,0.42712766
IL1B,726,165,panel,0.31018984,0.51879936
PAX8,727,166,panel,0.06576024,0.19609235
SNRPD2,728,1123,rest,1.1670691,0.48748448
PSMF1,733,1140,panel,0.38956136,0.41688183
DSTN,734,1146,rest,1.9146184,0.41600868
UROD,737,41,rest,0.50510234,0.45306605
BECN1,739,1027,panel,0.23728982,0.35534272
TRAP1,740,932,panel,0.3780153,0.4176737
TIMM17B,741,1215,panel,0.29729027,0.38051468
KTN1,742,853,panel,1.6654902,0.45891777
PLEKHG3,743,860,rest,0.062369514,0.19166766
MAP2K2,744,1080,rest,0.9958723,0.49289182
PIN1,746,1087,panel,0.95129544,0.49187288
FBXL12,747,1086,panel,0.05677445,0.18290238
UQCR11,749,1074,rest,1.2467822,0.50263965
MACF1,751,29,panel,1.1195475,0.5536434
SMARCA4,752,1092,panel,0.609114,0.48276088
AKAP9,754,481,rest,0.7151058,0.51653033
SEM1,755,487,rest,1.1269228,0.48876867
PTPN12,756,478,panel,0.3802083,0.42278805
POR,757,476,rest,0.13449368,0.27789712
GNAI1,758,479,panel,0.15478025,0.29084918
PAICS,760,305,panel,1.0324181,0.52446103
CDC42EP1,761,1199,rest,0.35135728,0.4174845
TPST2,762,1190,rest,0.16349019,0.30425483
CALU,765,502,panel,1.6851511,0.4565289
CHN1,766,174,panel,0.09501482,0.2331552
HAT1,768,173,panel,0.51808375,0.47892165
CLN6,770,906,rest,0.21347061,0.3433445
ARPP19,771,894,panel,0.5280231,0.46572694
LOXL1,772,908,panel,0.70016,0.4884657
PSMA1,773,681,rest,1.1382705,0.4886917
DCTD,774,328,panel,0.32655317,0.39683568
TXNDC17,775,998,rest,1.2621253,0.5005449
PHF20L1,776,564,rest,0.43054914,0.43677014
ILF3,777,1091,rest,0.9026211,0.5094771
PARP2,779,825,panel,0.1740734,0.30223396
SNX6,780,836,panel,0.824797,0.5251976
EAPP,781,835,panel,0.2284202,0.33628166
REEP5,783,354,panel,0.79021436,0.49546674
ITFG1,784,956,panel,0.1958451,0.32803595
MAU2,786,1107,rest,0.07768229,0.21666144
LDLR,788,1093,rest,0.05625719,0.19089808
XPO7,791,524,panel,0.14172484,0.2851966
JUND,794,1105,rest,0.6977796,0.51807904
PAK4,796,1118,panel,0.122087084,0.26531637
OSBPL2,798,1166,rest,0.089097455,0.22684489
DNMT1,799,1088,panel,0.86828905,0.5633447
F12,803,380,rest,0.08731273,0.22507153
PRR7,804,381,panel,0.23447773,0.35046715
SH3BP5,805,208,panel,0.19913736,0.3252034
TBC1D5,806,209,rest,0.23406357,0.356157
NR1H2,807,1133,panel,0.20431471,0.33176354
ACLY,808,1023,panel,0.5484785,0.4599049
IL13RA1,809,1229,panel,0.26038852,0.3600322
TOP2A,810,1022,panel,0.9006293,0.87256694
STARD3,811,1018,rest,0.12586275,0.27202976
DNAJB1,814,1099,panel,0.3461687,0.38921762
LRRC41,815,44,panel,0.28155756,0.37363878
PPARG,816,206,panel,0.15070017,0.29259896
ENOSF1,817,1060,panel,0.13422523,0.28131434
ARFIP2,818,678,panel,0.27672464,0.3717186
RRP8,819,679,panel,0.13368054,0.2732854
RPA1,820,987,panel,0.28572375,0.37611887
PCNA,823,1144,panel,0.7387979,0.56219804
KHDC4,824,82,panel,0.16730964,0.3026369
DPH2,826,37,panel,0.08121578,0.21786028
USPL1,828,802,rest,0.049891412,0.17338727
CDK8,829,800,rest,0.07775655,0.20789042
WASF3,830,801,panel,0.04465999,0.16093232
TCEAL4,835,1225,panel,0.8312157,0.5110185
EPHB2,836,12,panel,0.27302566,0.36521235
CNDP2,837,1071,panel,0.28004384,0.36809272
FOPNL,839,940,rest,0.17360604,0.3064451
IMPA1,841,547,rest,0.1711409,0.3049905
CCNB1,842,345,panel,0.66553694,0.68483543
CDK7,843,346,panel,0.15658785,0.29285556
BHLHE40,844,200,panel,0.16762468,0.31775564
EDEM1,845,201,panel,0.099078,0.23467211
EMC7,846,884,rest,0.5994397,0.471245
PSRC1,848,67,panel,0.113179855,0.26472262
CCNH,850,349,panel,0.32121125,0.3962611
DDB2,852,689,panel,0.051420335,0.17368881
CDCA8,853,26,rest,0.2345377,0.4081383
ERCC5,855,818,rest,0.18452516,0.3253882
STT3A,856,731,rest,0.31226236,0.3959914
ETS1,857,734,panel,0.26516998,0.3768587
CTSL,858,591,panel,0.45873982,0.45046967
CEMIP2,859,589,panel,0.1339584,0.2730097
FBXO21,860,785,panel,0.20490052,0.33661455
DMTF1,863,480,panel,0.10801307,0.25036702
TES,864,498,panel,0.3244805,0.40261915
GDF11,868,762,rest,0.11095773,0.24806583
CDK4,869,769,panel,0.7960287,0.5123051
TFCP2,870,760,rest,0.09358206,0.23123838
DYSF,873,148,rest,0.08895375,0.23129047
COG2,875,123,panel,0.10485335,0.24422869
USP37,876,188,rest,0.12303969,0.27365908
DNAJB2,877,193,panel,0.062369492,0.19197765
CAB39,878,194,panel,0.19562426,0.32709214
REV1,879,159,rest,0.17365558,0.3156885
C2orf49,880,161,rest,0.09765829,0.23118444
PWP1,881,780,panel,0.40934992,0.43048263
WASHC4,882,779,panel,0.24455152,0.3710177
FLNB,883,239,rest,0.55749726,0.48037112
TBC1D4,884,811,rest,0.15806362,0.3019963
SCRN1,885,462,panel,0.40914816,0.43228674
KDELR2,886,453,panel,1.043951,0.504585
BZW2,887,456,panel,0.6228644,0.47492895
TTYH3,888,450,rest,0.16944388,0.3054231
TTC5,889,824,rest,0.10715055,0.24812697
NMT1,890,1033,panel,0.28942648,0.36245272
EPRS,892,114,panel,0.9385324,0.51458365
YME1L1,894,626,panel,0.4896665,0.45522153
TOR1A,895,612,panel,0.33012044,0.39755914
STXBP1,896,603,panel,0.11819863,0.25286177
TLR4,897,601,panel,0.11587569,0.25986576
PRPF4,898,599,panel,0.25052002,0.364292
FPGS,899,604,panel,0.19439948,0.3234342
TEX10,901,593,panel,0.16885105,0.30654517
MYC,902,563,panel,0.35050273,0.4438346
DENND4C,903,578,rest,0.09445982,0.2337144
CNPY3,904,414,panel,0.23352471,0.3542993
PPIL1,905,412,rest,0.15195684,0.3026202
TFAP2A,907,391,panel,0.22430019,0.34579483
TUBB2A,908,389,rest,0.21588023,0.34521335
BPHL,909,388,panel,0.087967224,0.23070611
IER3,910,401,panel,0.7220392,0.60870135
PRCP,913,715,panel,0.19977294,0.32834753
SDCBP,914,542,rest,0.5272249,0.45405462
DCUN1D5,917,720,rest,0.5985651,0.4673467
SLC37A4,919,726,panel,0.0924483,0.22563592
RDX,920,723,rest,0.93391895,0.51050377
MAP2K5,922,905,panel,0.062845714,0.19524917
SQOR,923,890,panel,0.13148193,0.27311793
CTDSPL2,924,889,rest,0.18039343,0.31493595
NUSAP1,925,887,panel,0.6521705,0.6085834
KIF23,926,907,rest,0.49283022,0.58067507
ADAM10,928,896,panel,0.35901314,0.4063217
SLC5A6,929,135,panel,0.0735518,0.20799404
FBXO11,930,143,panel,0.23460367,0.3493309
ANXA7,931,644,panel,0.74413335,0.49654922
TET1,932,635,rest,0.061179705,0.19363208
SECISBP2L,934,891,rest,0.21682057,0.34569192
CENPE,938,316,panel,0.5662138,0.67427456
HADH,939,318,panel,0.20681584,0.333886
LLPH,942,772,rest,0.4151912,0.41764045
DUSP6,943,776,panel,0.1420513,0.30505288
TCHP,945,782,rest,0.23585156,0.3593627
RB1,948,807,panel,0.367227,0.42298564
RBM26,949,813,rest,0.41042566,0.42727506
MBNL2,950,815,panel,0.1885176,0.3342177
WDR20,955,873,rest,0.1718743,0.30511865
BNIP2,956,899,rest,0.34592408,0.40064058
GTF2A2,957,898,panel,1.0083048,0.5039694
UBE2Q2,958,910,rest,0.23537636,0.34964967
TSPAN3,961,911,panel,0.6254654,0.48304716
WDR61,962,912,panel,0.3220291,0.39887312
TPM1,963,900,panel,3.0066888,0.44723082
IGF1R,964,918,panel,0.12795612,0.2693228
IQGAP1,967,917,panel,1.0472189,0.5184132
PMM2,968,935,panel,0.18207543,0.31491932
PARN,969,938,rest,0.2005377,0.32683548
TXNL4B,970,973,panel,0.06258603,0.196114
NOL3,971,963,panel,0.17072515,0.30456245
MBTPS1,972,980,panel,0.28539956,0.37606415
RHOT2,975,921,rest,0.21099448,0.32700214
PDPK1,976,929,rest,0.15937775,0.2964016
VPS53,978,982,rest,0.24855253,0.35267112
CLTC,980,1040,panel,1.0628977,0.5201823
SLC39A6,981,1066,rest,0.2532905,0.36058408
PELP1,982,990,rest,0.24938501,0.35962567
NPC1,983,1064,panel,0.11843309,0.25917926
MINK1,984,992,rest,0.09448465,0.24142696
SAT2,985,1000,rest,0.3757037,0.4175664
TP53,986,1001,panel,0.15408625,0.29516786
PMAIP1,987,1070,panel,0.18803474,0.33485416
ERBB2,988,1019,panel,0.087222524,0.22988527
MVB12A,990,1104,rest,0.2732853,0.3729718
IFNAR1,993,1177,panel,0.3514641,0.4179294
APP,994,1174,panel,0.8927627,0.5394724
AKT1,995,878,panel,0.46818927,0.44871652
PSMB6,996,991,rest,1.3588866,0.4775068
NOSIP,997,1130,panel,0.34325585,0.41072622
EPHA2,998,9,rest,0.33179662,0.40164196
WDTC1,999,19,panel,0.059377015,0.18611205
KIF2C,1000,40,panel,0.279921,0.4309948
PTPRF,1001,34,panel,0.32268864,0.39992794
MTF2,1002,60,panel,0.16618203,0.29454935
ATP1B1,1003,95,panel,0.44092035,0.45002648
MPC2,1004,94,panel,0.7284424,0.49930987
TMCO1,1006,92,panel,0.5545975,0.47730324
MGST3,1008,91,rest,1.1501455,0.48938113
COP1,1009,98,rest,0.14634791,0.2857968
UFC1,1010,89,rest,0.69557446,0.48925555
PFDN2,1012,87,rest,1.2094631,0.5042517
PIGM,1013,86,rest,0.07150149,0.20549557
SF3B4,1015,72,rest,0.43805358,0.43674415
RFX5,1017,76,panel,0.058298465,0.1908344
DYRK3,1020,108,panel,0.18566607,0.31202838
TP53BP2,1022,116,panel,0.2594494,0.37414056
INTS3,1024,79,panel,0.12887675,0.27094054
SCCPDH,1025,130,panel,0.4760461,0.43299782
NVL,1026,117,panel,0.113840416,0.2571493
MBOAT2,1027,133,rest,0.20504163,0.33407253
PARP1,1028,120,panel,0.7240425,0.5158405
LBR,1029,118,panel,0.5419215,0.50759155
SFXN5,1032,150,rest,0.06068119,0.19215146
DUSP11,1033,151,panel,0.1407425,0.28475082
RALB,1034,167,panel,0.30043346,0.3837135
HSPD1,1036,179,panel,2.240328,0.4892522
VGLL4,1038,205,panel,0.33481884,0.40967622
TMF1,1039,241,rest,0.48259008,0.46319494
ATG3,1040,248,panel,0.5066061,0.45884934
TCTA,1042,223,panel,0.17352891,0.30977002
ENOPH1,1046,307,panel,0.29967305,0.39043465
SNCA,1047,311,panel,0.32977113,0.39954412
CCNA2,1048,321,panel,0.57145363,0.62904185
MYO10,1050,335,panel,0.6711312,0.5165722
RASA1,1052,348,panel,0.22640043,0.36289185
TNIP1,1053,376,panel,0.3438942,0.4120519
GFOD1,1054,393,panel,0.06542323,0.20120329
PM20D2,1058,425,rest,0.1092821,0.25262088
WTAP,1061,443,rest,0.42007747,0.43158785
EGFR,1063,472,panel,0.5669255,0.48591313
CDCA5,1064,700,rest,0.19009417,0.33064094
IGFBP3,1065,470,panel,0.66681534,0.7384335
TLK2,1066,1043,panel,0.24741493,0.35407126
LUC7L2,1067,506,rest,0.5734451,0.48638043
CASK,1068,1212,panel,0.14738864,0.28416017
EBP,1069,1214,panel,0.42978734,0.44186246
NSDHL,1071,1239,panel,0.1068473,0.2530688
LRP12,1072,558,rest,0.27750066,0.38032395
POLR2K,1073,555,panel,0.601572,0.47746176
ZNF7,1074,575,rest,0.110384576,0.25142062
CDKN2A,1075,580,panel,1.3446797,0.5071032
ALAD,1077,600,rest,0.06499313,0.18928067
USP6NL,1079,622,panel,0.07905176,0.2111157
RSU1,1080,624,panel,0.4504823,0.43779758
PARD3,1081,628,rest,0.16343908,0.29583466
POLR3A,1083,647,rest,0.23144661,0.35115066
MKI67,1084,672,rest,1.4363164,1.0640517
PAK1,1085,714,panel,0.20696495,0.33373275
HYOU1,1086,727,panel,0.30184487,0.3934924
EI24,1087,730,rest,0.771811,0.49787202
CHEK1,1088,732,panel,0.3093866,0.39427015
LSM14B,1090,1165,rest,0.112191744,0.26114348
YTHDF1,1091,1168,panel,0.16817872,0.30436772
PLCB3,1092,698,panel,0.117727615,0.2603991
HMGA2,1093,771,panel,1.0706254,0.56909573
ARID5B,1094,632,panel,0.34736702,0.4563685
LATS2,1095,799,rest,0.11268675,0.25322974
PDCD4,1096,663,rest,0.19063158,0.31814077
PRSS23,1099,717,panel,2.1297798,0.48191193
MTMR12,1100,336,rest,0.10593032,0.23994277
DOCK1,1102,671,rest,0.35819855,0.4245464
DLAT,1103,724,rest,0.14041223,0.27730832
UBE3B,1104,781,panel,0.12393514,0.26219368
EIF4E,1105,313,rest,0.5702407,0.47708318
NUBPL,1106,834,rest,0.064762525,0.19214049
INPP1,1107,176,panel,0.1621064,0.30599317
SLC25A4,1108,330,panel,0.57137376,0.47504866
PARP8,1112,342,rest,0.065466546,0.20500006
BAG3,1113,668,panel,0.4078556,0.41587013
SPOCK1,1115,365,rest,0.9710067,0.5617692
RPP38,1116,623,panel,0.1547754,0.29139683
MBNL1,1120,268,panel,0.64366126,0.4995897
PTPRK,1122,436,panel,0.20588778,0.32880467
MED21,1123,751,rest,0.40013692,0.42848888
CAST,1124,352,panel,1.1788572,0.49574682
CETN3,1125,350,panel,0.11670264,0.25905162
SMARCA5,1126,324,rest,0.865163,0.53763705
RPIA,1130,157,panel,0.10167653,0.24643867
JAZF1,1131,461,rest,0.060521957,0.19102706
HS2ST1,1133,57,panel,0.1327284,0.2655019
PPP2R5E,1134,858,panel,0.42271286,0.43178874
OTULIN,1135,334,rest,0.112322584,0.25075215
TOMM70,1136,245,panel,0.28781575,0.3737748
UCHL1,1138,301,rest,1.7838742,0.4260808
DIPK1A,1141,59,panel,0.057285186,0.18714446
SORBS2,1142,331,rest,0.06909168,0.20076987
TSEN2,1143,207,panel,0.06832698,0.20866857
OTUD6B,1145,551,rest,0.10043951,0.23714581
CDK19,1146,431,panel,0.08062178,0.21897185
NIFK,1147,168,rest,0.50228214,0.46445078
OXA1L,1148,828,panel,0.33757147,0.39416614
RNF20,1151,594,rest,0.20588352,0.32926512
RRAGA,1152,577,panel,0.6504118,0.48653933
PSD3,1154,523,rest,0.5210072,0.48084092
DCK,1155,306,panel,0.18198095,0.3238543
SH3RF2,1160,370,rest,0.09018525,0.23273581
MTERF3,1161,553,panel,0.11846349,0.25522897
SUPV3L1,1162,638,panel,0.14225742,0.2857423
HK1,1163,639,panel,0.6793681,0.50034875
UBE2L6,1164,691,panel,0.05688082,0.18413118
KAT6B,1165,646,panel,0.35921142,0.42035493
UTP14A,1166,1234,panel,0.2851495,0.37491184
TBC1D31,1168,561,panel,0.057538603,0.18108092
PHKG2,1169,953,panel,0.1271927,0.25844976
SASS6,1170,66,rest,0.1377247,0.27698988
BUB1B,1171,885,panel,0.30706236,0.42984536
BRPF1,1172,202,rest,0.05846737,0.18230437
TATDN2,1173,204,panel,0.10055454,0.23457344
RBPMS,1174,531,rest,0.23963524,0.34757927
CCNB2,1180,897,panel,0.5515679,0.579482
TSC22D3,1181,1226,panel,0.048512597,0.17839594
C2CD2,1182,1183,panel,0.06695206,0.19665693
BRAF,1183,507,rest,0.101149395,0.2441966
WIPI2,1186,451,rest,0.45784155,0.444091
NCK1,1188,262,panel,0.14996737,0.2853211
FAIM,1191,263,panel,0.16958907,0.31340212
CUL4B,1192,1233,rest,0.5657309,0.50484794
NIT1,1194,88,panel,0.10501383,0.24847604
MIS18A,1196,1175,rest,0.19401114,0.33235958
CSRP1,1198,103,panel,0.52502745,0.48978642
CBR1,1200,1178,panel,0.7505442,0.5057777
CBR3,1201,1179,panel,0.34225476,0.4272285
ADIPOR1,1202,106,rest,0.32541972,0.39277706
PSMD4,1203,75,panel,0.7505163,0.4869004
EFCAB14,1205,46,panel,0.2503637,0.36504695
PSKH1,1207,967,rest,0.06640107,0.20102552
CALM3,1209,1124,panel,0.8258041,0.4926714
DFFA,1210,6,panel,0.40321675,0.42098564
NR2F6,1211,1103,panel,0.4259933,0.42988706
RRP1B,1213,1184,panel,0.49208358,0.46981835
RALGDS,1215,615,panel,0.06352909,0.1994198
SHKBP1,1219,1120,rest,0.25427547,0.36398748
ZDHHC12,1220,610,rest,0.4947854,0.4606472
DEDD2,1222,1121,rest,0.082630016,0.22191715
SHC1,1223,80,panel,0.5407989,0.47391906
ANO10,1224,215,panel,0.2002856,0.32266915
PMF1,1225,85,rest,0.3967964,0.4264871
UBQLN4,1226,84,rest,0.08516714,0.22655857
CPSF4,1229,488,panel,0.13986889,0.28153846
VPS28,1230,573,panel,0.6319287,0.47683224
SQSTM1,1232,382,panel,1.3357219,0.54357326
ABCF3,1234,281,panel,0.10885673,0.25170186
BDH1,1235,286,panel,0.07047242,0.20546365
CCNF,1237,927,panel,0.113436826,0.27394128
AMDHD2,1238,928,panel,0.11663689,0.25524682
CYB561A3,1240,696,rest,0.16411787,0.29855803
USP24,1241,50,rest,0.15486956,0.30136853
NOL9,1242,3,rest,0.21051857,0.33695745
KLHL21,1243,4,panel,0.107412405,0.24459372
KIAA1522,1244,23,rest,0.12655772,0.2727025
MEGF6,1246,1,rest,0.10228154,0.24504128
USP1,1247,52,panel,0.62065226,0.555765
SNX7,1248,63,panel,0.29796246,0.37172416
AGL,1250,64,panel,0.11196752,0.26173124
ATF3,1252,113,rest,0.015719201,0.11561919
MAPKAPK2,1254,109,panel,0.21454538,0.33488178
TYW5,1256,180,rest,0.09145142,0.23455696
SGCB,1260,303,panel,0.3311795,0.40506497
VPS72,1262,74,panel,0.1525351,0.28686172
DCAF16,1264,293,rest,0.13163087,0.26831013
ARPC2,1268,187,rest,2.0481102,0.37288398
RNF25,1269,190,rest,0.08991311,0.22881308
TGFBR2,1271,210,panel,0.27088755,0.38117966
ANKZF1,1272,192,rest,0.107414626,0.2525302
EIF5A2,1274,276,rest,0.2040428,0.32831284
GTPBP8,1275,249,panel,0.2283829,0.35411236
TIPARP,1277,270,panel,0.35616124,0.43460888
SLMAP,1278,238,rest,0.29022065,0.3692963
APBB2,1281,300,panel,0.25916615,0.36845174
IL17RC,1282,203,rest,0.04789921,0.16384773
TOPBP1,1285,260,panel,0.29657647,0.39718047
KIF15,1286,216,rest,0.1465336,0.30454567
WDR43,1287,138,rest,0.57056236,0.48142147
DTX3L,1289,250,rest,0.084638424,0.22669604
YEATS2,1290,279,rest,0.14271018,0.2896408
RPN1,1294,255,panel,0.6024728,0.47636893
GNL3,1296,235,rest,0.6777732,0.5058084
LRPAP1,1297,289,panel,0.66936725,0.49391755
PGRMC2,1299,322,rest,0.4922446,0.46438202
CDC25A,1300,219,panel,0.08541044,0.2344492
OTUD4,1304,325,rest,0.22292505,0.34503976
LSM6,1305,326,panel,0.37817818,0.4184789
SLC25A46,1306,353,panel,0.18065394,0.30625153
CASP3,1307,329,panel,0.29271135,0.40413874
CREBRF,1313,378,rest,0.032534804,0.14377101
COG5,1315,496,rest,0.11514091,0.2579615
SLC4A2,1320,511,rest,0.34479582,0.39756438
ALDH7A1,1322,357,panel,0.3064493,0.39897576
FZD6,1323,557,rest,0.19109769,0.31447014
WASHC5,1324,562,panel,0.16307597,0.29416004
RPP25L,1325,583,rest,0.15735857,0.29429656
PSIP1,1326,576,panel,0.8844824,0.5297204
ABCA1,1328,595,rest,0.13000612,0.29248732
NFIL3,1329,592,panel,0.058022637,0.19059333
DYNLT3,1332,1211,panel,0.28564447,0.38461387
STOML2,1334,584,rest,0.8704165,0.51338106
BRWD3,1335,1223,rest,0.076852396,0.20764235
MELK,1336,586,panel,0.29399097,0.40353242
WRN,1338,534,rest,0.11424081,0.2573882
INPPL1,1339,711,rest,0.1506311,0.28878847
CRYL1,1340,798,rest,0.07909755,0.21696031
KLHDC2,1341,842,panel,0.25441578,0.36827737
HPRT1,1343,1236,panel,0.46447667,0.4469516
PIP4P1,1344,826,rest,0.11781941,0.25608978
CASP7,1345,665,panel,0.07279655,0.20142308
ZFYVE1,1346,863,rest,0.035724502,0.1479537
PACSIN3,1347,688,panel,0.19674544,0.32463256
HTRA1,1348,670,panel,0.46951544,0.4504525
CEP57,1349,718,panel,0.2945664,0.3826018
TRMT61A,1351,876,rest,0.11896387,0.26521626
NOLC1,1352,658,panel,0.6907072,0.5266567
FRS2,1353,773,panel,0.07362488,0.20710944
PCBD1,1354,640,panel,0.4988006,0.47436583
ILK,1355,680,panel,0.49121332,0.4594387
KIAA0355,1358,1110,panel,0.15434356,0.28726172
ATMIN,1360,978,panel,0.21086746,0.33376482
HDGFL3,1362,915,panel,0.4998861,0.46069244
BLCAP,1364,1151,panel,0.15291888,0.28868133
TERF2IP,1369,976,panel,0.3576518,0.414307
PLK1,1370,945,panel,0.43819168,0.55343246
CLPX,1371,901,panel,0.25803977,0.35628948
SMAD3,1372,904,panel,0.41416073,0.4548245
CRK,1374,986,panel,0.27296126,0.3700741
GATAD2A,1376,1108,rest,0.30480877,0.3864025
TUBA1C,1379,757,rest,1.985177,0.6333564
LENG8,1382,1136,rest,0.117451206,0.26235965
TLCD3A,1386,983,panel,0.089859605,0.22661474
GLOD4,1387,984,panel,0.37865666,0.42322224
TSR1,1388,988,rest,0.5677159,0.4749725
ANGPTL4,1390,1085,rest,0.20010611,0.37384325
CD320,1391,1084,panel,0.7073486,0.5012049
KCTD5,1393,930,panel,0.08649922,0.22513324
CTNNB1,1395,214,rest,0.37862775,0.4250386
PBK,1397,528,rest,0.47222897,0.51823354
RAB4A,1398,121,panel,0.32844502,0.4016745
MAPK1IP1L,1399,852,panel,0.43867254,0.42823657
DDIT4,1400,642,panel,0.104136705,0.28154594
NT5DC2,1401,234,panel,0.863151,0.509391
THAP11,1403,966,panel,0.1629163,0.30109778
KCTD6,1404,240,rest,0.07048132,0.20470037
ARF4,1406,237,rest,1.0804205,0.50653034
MLKL,1407,974,rest,0.100582466,0.24056801
COG7,1408,943,panel,0.07246127,0.20541568
RAB31,1409,1061,panel,0.27555498,0.38025057
TMEM223,1411,697,rest,0.29768404,0.38032043
STAT3,1412,1025,panel,0.24778701,0.35634232
PKIG,1413,1154,panel,0.19821759,0.32225862
TET2,1414,317,rest,0.13469195,0.27899963
TSPAN5,1415,312,rest,0.5541462,0.46695134
MAT2A,1416,155,panel,0.6462738,0.5225734
PPIC,1417,356,panel,0.18503894,0.3116894
ATF5,1419,1132,panel,0.204279,0.3258022
NSMCE1,1420,946,rest,0.29797432,0.37399748
TBC1D10B,1422,952,rest,0.14823262,0.28776342
ADRB2,1423,372,panel,0.07476788,0.21679828
PTK2,1426,565,panel,0.6482317,0.48990354
CLIC4,1427,15,panel,0.73407304,0.53692883
INO80E,1430,951,rest,0.24091962,0.35188198
DUS1L,1432,1057,rest,0.2850203,0.38176757
RFNG,1433,1056,panel,0.14547035,0.29451424
ROBO1,1434,242,rest,0.123938784,0.26215252
CRTAP,1437,211,panel,0.6896769,0.49685922
STX8,1438,1004,rest,0.15946269,0.30637243
CDK1,1439,631,panel,0.42354798,0.57655567
TMED10,1441,864,panel,0.7654971,0.49904248
NUDT9,1443,309,panel,0.23262079,0.3474905
ELOVL6,1444,320,panel,0.38582236,0.42215466
HSPA4,1445,361,panel,0.940674,0.5245385
CDCA4,1447,879,panel,0.22736393,0.35644716
TRIAP1,1449,789,rest,0.3182746,0.38574123
KIAA0232,1450,291,rest,0.18715766,0.32480696
FEZ2,1452,139,panel,0.4667104,0.431884
SCAND1,1458,1149,panel,0.87368715,0.5070201
SHCBP1,1459,955,rest,0.34458816,0.43155974
CANT1,1461,1052,panel,0.23034857,0.34435996
PGAM1,1462,657,panel,1.8580135,0.42230493
POLR1C,1463,418,panel,0.14765486,0.28758016
ZNF318,1464,417,panel,0.07990244,0.21803696
WIPF2,1465,1021,panel,0.16123185,0.2969641
CLSTN1,1467,5,panel,0.5098007,0.45643502
ZNF274,1468,1137,panel,0.087548874,0.22621574
TCEA2,1470,1171,panel,0.1441525,0.2824592
ATPAF2,1477,1006,rest,0.0870325,0.22668935
NME6,1480,220,rest,0.196186,0.3182878
CYCS,1481,459,panel,1.2674654,0.5211789
MALT1,1483,1069,panel,0.12736295,0.26719385
ZNF131,1484,339,panel,0.2288626,0.34696105
NAA16,1491,805,rest,0.108014755,0.25349346
OXSR1,1494,213,panel,0.4125188,0.43665555
GLRX,1498,351,panel,0.43631104,0.44186613
DAG1,1502,224,panel,0.3152013,0.388556
ZNRD2,1504,702,rest,0.41725647,0.44630772
SMARCC1,1505,218,panel,0.80043846,0.5062414
NABP1,1506,178,rest,0.1935172,0.34534883
NET1,1510,621,panel,0.16604015,0.30482408
PHC3,1511,275,rest,0.12402135,0.2630066
GOLIM4,1512,273,rest,0.44367734,0.45223588
DDX23,1515,756,rest,0.3013725,0.3820714
AKIRIN1,1518,28,rest,0.388516,0.4178458
B4GAT1,1520,706,panel,0.17592773,0.3128291
GLMN,1521,58,rest,0.11290008,0.25295866
KCTD13,1522,950,rest,0.05380803,0.17681266
UBE2C,1527,1156,panel,0.6447416,0.7587488
VCPIP1,1528,546,rest,0.108479865,0.24685974
PSMD2,1530,282,panel,1.702153,0.45168632
PCCA,1532,817,rest,0.062192272,0.19009998
ARHGAP1,1533,687,panel,0.18517892,0.3276752
CCNE2,1534,552,panel,0.13673694,0.31364173
CLTB,1536,379,panel,0.6212414,0.4883395
POLD4,1538,707,panel,0.62418306,0.5021442
DRAP1,1539,705,panel,1.8554759,0.44177008
FOSL1,1540,704,panel,0.63221604,0.5263453
CCDC85B,1541,703,panel,1.1240269,0.54159796
RUVBL1,1542,254,panel,0.61134803,0.48346633
MSRA,1544,518,panel,0.10497246,0.24860431
SWI5,1545,607,rest,0.33250973,0.3861351
TUBB6,1547,1062,panel,1.0646515,0.53855574
CHMP6,1548,1053,panel,0.1829993,0.31491747
PXMP2,1556,796,panel,0.36761674,0.41605434
SEC24C,1559,645,rest,0.14284231,0.28177744
TIMM22,1561,985,panel,0.25537342,0.36429778
JUN,1566,51,panel,0.5603463,0.5295742
IL17RA,1567,1185,rest,0.059533183,0.18303552
MLF1,1573,271,rest,0.18892093,0.32370585
DDX10,1575,722,panel,0.2564761,0.36534438
LCORL,1576,295,rest,0.16501603,0.30294383
GALNT11,1577,514,rest,0.13488697,0.27330494
P4HTM,1579,221,panel,0.14883488,0.28862193
SUZ12,1581,1014,panel,0.5960618,0.49340343
EXOSC4,1583,569,panel,0.23921213,0.34972715
CYBC1,1584,1058,rest,0.15701315,0.28762013
AURKB,1585,1003,panel,0.25581512,0.40680578
RRS1,1586,545,panel,0.3580296,0.41728792
MROH1,1589,570,rest,0.086023934,0.2198265
SERTAD2,1590,144,rest,0.17117389,0.31074512
PUF60,1594,568,panel,0.6138658,0.47659057
SOCS4,1595,851,rest,0.18932964,0.31569448
NRIP1,1600,1173,panel,0.5383863,0.4927525
TMEM45A,1610,246,rest,0.07184352,0.20393002
COPG1,1612,257,rest,0.29058334,0.37869987
ADO,1613,633,panel,0.09558378,0.24009736
CCDC149,1614,296,rest,0.094163336,0.22987027
GET1,1615,1181,panel,0.22395326,0.351434
EXT1,1619,560,panel,0.52783823,0.46740112
SHMT2,1620,768,rest,0.4511244,0.44025183
BACE2,1621,1182,panel,0.5137274,0.45793775
TRAPPC6B,1623,839,rest,0.19612046,0.32058635
MFSD5,1625,761,rest,0.11646216,0.262262
ADI1,1626,131,panel,0.5494133,0.46909225
TSKU,1628,713,panel,0.07525988,0.20805833
NGRN,1629,916,panel,0.53758496,0.46208754
ACBD3,1630,119,panel,0.4516661,0.43466234
C16orf72,1631,937,rest,0.10988889,0.24806052
HMGN4,1633,398,rest,0.1946895,0.31822377
MTA1,1634,881,panel,0.19321337,0.32050303
PYCR1,1635,1055,panel,0.26542175,0.3621229
NAA38,1636,1002,rest,0.8203284,0.50963175
PSMG1,1641,1180,panel,0.5799702,0.49856508
TMEM50A,1644,16,panel,0.7180758,0.49170843
PRKX,1650,1208,panel,0.05604301,0.17811428
UQCR10,1651,1193,rest,1.4188318,0.46986532
NIPSNAP1,1652,1192,panel,0.24521872,0.3569927
CRELD2,1654,1206,panel,0.37549636,0.41417378
COPB2,1656,265,panel,0.82763636,0.50746346
PROS1,1659,243,panel,0.07506481,0.20746942
PRR16,1663,355,rest,0.2825998,0.3885726
TMEM186,1664,934,rest,0.07135384,0.20954406
BTBD6,1665,880,rest,0.23902495,0.3497779
DGAT1,1668,571,rest,0.12185837,0.26223487
PRPF39,1671,840,rest,0.124002546,0.2619831
ATP6V0A2,1673,792,rest,0.110027686,0.24665463
HGS,1674,1054,rest,0.35125926,0.40671378
MORF4L1,1682,913,rest,1.2774713,0.47087651
SLC52A2,1683,572,rest,0.35931006,0.4104936
INSIG1,1694,515,panel,0.08578051,0.23791683
GPATCH8,1696,1032,panel,0.28974292,0.37964123
LYRM7,1697,359,rest,0.12869252,0.273766
ZNF395,1700,529,panel,0.06596277,0.1977744
RNF220,1703,39,rest,0.15960465,0.29858807
CHP1,1705,886,panel,0.18735549,0.3153025
COL4A1,1706,820,panel,0.70212597,0.58337945
USP7,1708,936,panel,0.5872325,0.4822029
PLSCR3,1714,999,panel,0.18040445,0.3127051
EIF4EBP1,1715,535,panel,1.151111,0.5396332
UBQLN2,1716,1221,panel,0.15354733,0.29430738
ARL4C,1718,197,panel,1.3164939,0.5766998
PLSCR1,1719,267,panel,0.13646035,0.28185728
ZNF292,1730,424,rest,0.43217647,0.44290233
S100A13,1732,78,panel,1.3022926,0.492294
RRP7A,1733,1204,rest,0.47696453,0.45498633
PTPN1,1739,1159,panel,0.47735944,0.4508239
EVL,1740,872,panel,0.13941455,0.2721384
PIK3R4,1742,258,panel,0.076979026,0.20720193
MME,1743,269,rest,0.43003312,0.46191555
HDAC2,1746,434,panel,0.68115544,0.4934286
RABL6,1749,618,rest,0.7838821,0.4996232
TLE1,1752,590,panel,0.23240885,0.3365941
NHLRC2,1754,666,rest,0.2897391,0.3901263
ARHGEF12,1755,728,panel,0.49782264,0.46432844
LAGE3,1756,1241,panel,0.36221072,0.41081727
IGF2R,1759,445,panel,0.5486045,0.48654613
ENTPD4,1761,526,rest,0.16885126,0.30815107
TBC1D9B,1762,383,panel,0.20999007,0.3260633
GTF2E2,1764,532,panel,0.21287453,0.33716673
LRP10,1766,829,panel,0.5105788,0.4705653
SPTAN1,1770,609,panel,0.80169827,0.53776234
PSAP,1771,641,rest,1.6988274,0.51712525
FAM118B,1772,733,rest,0.094251655,0.23364463
ADH5,1774,314,panel,0.8852084,0.49332654
TEAD4,1775,739,rest,0.14520258,0.28926504
ERO1A,1776,847,panel,0.61274976,0.48843813
S100A6,1778,77,rest,3.2541645,0.3478858
MPZL1,1779,93,panel,0.39066368,0.43063396
TFDP1,1783,822,panel,0.5695552,0.4811376
HSD17B11,1784,308,panel,0.10571471,0.24791245
DDX42,1785,1045,panel,0.44843867,0.44884157
SPRED2,1786,145,panel,0.084885,0.22329609
GFPT1,1787,146,panel,0.29457578,0.38477868
UVRAG,1788,712,rest,0.1364006,0.2758667
TXNRD1,1789,778,panel,1.5207727,0.60242474
CTNND1,1793,693,panel,0.2890612,0.38103834
KLHL9,1795,579,panel,0.18353117,0.31457245
MT-ND6,1796,1243,rest,1.2018983,0.5720841
PNP,1798,827,panel,0.3186589,0.39150903
FOXJ3,1799,31,panel,0.09809846,0.23604275
CHAMP1,1800,823,rest,0.2558463,0.3696577
UBE2J1,1801,426,panel,0.34539446,0.3998873
MT-ND4,1802,1242,rest,4.023163,0.27016988
SHISA4,1803,104,rest,0.14319003,0.2790507
CAPZA2,1804,499,rest,0.641708,0.47391388
KIAA0753,1805,997,panel,0.07705932,0.20338395
KIF1BP,1806,637,panel,0.5833995,0.47381184
COX20,1808,129,rest,1.018293,0.5053199
PCMTD2,1810,1172,rest,0.049297925,0.16958831
GIGYF2,1812,196,rest,0.30513886,0.3917137
RUFY2,1813,634,rest,0.29094175,0.36814287
DAXX,1816,408,panel,0.31710544,0.38278627
PFDN6,1817,407,rest,0.4696426,0.44327942
RING1,1818,406,rest,0.12690432,0.26406214
PSMB8,1819,405,panel,0.44402406,0.4409616
SKIV2L,1821,404,panel,0.0599995,0.18523586
HSPA1A,1823,403,panel,0.13190381,0.2730008
ABCF1,1827,400,panel,0.5815761,0.47479188
DDR1,1828,402,panel,0.099651515,0.23999578
TCTN1,1832,783,panel,0.16405995,0.29670346
TRIM13,1836,810,panel,0.1250472,0.27421725
PSMB10,1838,968,panel,0.2874389,0.3776226
RNPS1,1844,926,panel,0.70432645,0.5144126
JPT2,1845,925,panel,0.31941077,0.3938907
SELENOH,1849,692,rest,1.2680813,0.49961385
SACM1L,1850,217,panel,0.124932565,0.26127437
TSN,1851,169,rest,0.3612825,0.41450328
NUP62,1852,1131,panel,0.3360471,0.40757543
SCAF8,1853,442,rest,0.12936412,0.27335888
MLLT11,1854,73,panel,0.3456892,0.4165682
NRAS,1855,69,panel,0.14566395,0.2847499
ARHGAP19,1857,655,rest,0.10557495,0.24813455
STIMATE,1858,236,panel,0.0819676,0.2177981
C8orf82,1859,574,rest,0.08919097,0.2316232
VDAC1,1860,362,panel,1.3357922,0.4850778
CSNK1E,1863,1202,panel,0.51382184,0.4407644
REPIN1,1864,510,rest,0.14114933,0.28102216
TSPAN4,1865,675,panel,0.9537046,0.5103515
MYCBP,1866,27,panel,0.2548167,0.36560464
FIS1,1868,493,panel,1.0258214,0.50461406
IFRD2,1871,227,panel,0.4756201,0.4608496
FASTKD5,1872,1141,panel,0.045205615,0.16446593
NPEPL1,1875,1164,panel,0.03757816,0.14864755
CEBPZOS,1877,140,rest,0.30067602,0.38479486
CCNL2,1881,0,rest,0.2730573,0.37525073
PLEKHM1,1885,1034,panel,0.07133374,0.2041453
PARG,1887,629,rest,0.16595371,0.29564086
HSBP1,1893,979,rest,1.0976257,0.4874199
TRIM26,1899,399,rest,0.105652936,0.24246986
BRD3OS,1901,616,rest,0.10030764,0.2405768
TMEM250,1909,617,rest,0.1793454,0.31002188
MIF,1914,1189,panel,2.9610014,0.28664833
PRAF2,1917,1217,panel,0.20518374,0.329035
IL10RB,1920,1176,rest,0.11640759,0.26120085
UBE2V1,1921,1158,rest,0.9960477,0.49834406
TWF2,1923,232,panel,0.42423558,0.4348601
ZNF260,1936,1114,rest,0.07887946,0.2177293
LYN,1937,541,panel,0.09637016,0.23928857
PINX1,1938,519,rest,0.15852487,0.29325497
CHMP4A,1940,832,panel,0.3692389,0.40444672
COA8,1943,877,rest,0.38631627,0.4201792
CNPY2,1946,765,rest,0.9124391,0.500631
RBM15B,1948,230,panel,0.23219728,0.35274395
UPK3BL1,1955,494,rest,0.23353918,0.34622133
DUSP14,1967,1016,panel,0.31100318,0.39024642
PIP4K2B,1971,1017,panel,0.10750918,0.23845853
PAGR1,1975,948,rest,0.44251668,0.45989308
SCO2,1981,1207,rest,0.29471844,0.37544206
